Gender,Height,Weight,Bust/Chest,Cup Size,Waist,Hips,Body Shape Index
Male,5'9",53,34,,30,30,1
Female,6'5",84,43,A,26,26,2
Female,5'10",97,37,D,33,40,4
Male,6'4",97,45,,41,47,4
Male,5'4",57,31,,28,32,4
Male,6'0",67,42,,39,45,0
Male,5'7",79,50,,40,39,0
Male,5'11",101,52,,35,38,5
Male,6'0",93,51,,32,38,2
Female,6'1",75,33,F,31,39,3
Female,5'9",77,38,AA,36,44,1
Female,6'1",65,43,D,38,45,1
Male,6'1",71,45,,34,33,3
Female,6'6",71,35,AA,25,39,2
Male,5'9",61,39,,26,27,2
Female,5'5",52,33,AA,34,37,1
Female,5'9",89,36,C,25,29,4
Female,5'6",61,36,A,31,41,1
Female,6'6",89,41,F,28,35,1
Female,5'10",90,33,A,39,49,2
Male,6'4",74,38,,29,33,1
Male,4'11",56,39,,31,35,4
Male,6'5",79,32,,34,36,3
Female,5'1",68,29,C,29,39,4
Female,4'10",67,47,A,24,23,2
Female,5'0",65,43,F,39,47,2
Male,5'4",81,52,,33,39,4
Female,5'6",61,44,D,36,48,1
Male,5'6",71,48,,35,37,0
Female,6'4",111,42,D,36,40,3
Female,6'1",72,29,E,37,45,0
Female,5'9",65,40,C,25,30,2
Female,6'6",95,32,DD,40,39,1
Female,4'10",44,31,AA,23,33,0
Female,5'7",57,39,DD,38,41,0
Female,5'4",48,35,F,23,35,1
Male,5'8",89,34,,42,42,2
Female,6'6",112,44,F,27,30,2
Male,5'7",80,46,,47,50,1
Female,6'0",67,35,AA,29,32,0
Male,6'5",77,40,,43,46,1
Male,5'11",82,49,,33,34,4
Female,6'1",78,43,F,41,41,3
Female,6'3",101,48,E,41,42,1
Female,5'4",78,45,D,38,42,2
Male,5'11",77,48,,35,40,3
Female,5'2",57,30,E,36,39,0
Female,5'1",60,28,D,33,33,4
Male,5'1",60,40,,40,46,2
Female,5'6",69,44,F,39,44,0
Male,5'3",51,45,,40,48,4
Female,5'10",91,34,A,40,51,1
Female,6'6",93,29,A,38,40,2
Female,5'3",60,34,D,37,32,3
Male,5'0",65,46,,33,40,3
Male,5'4",81,32,,46,52,1
Female,5'4",72,46,D,34,42,1
Male,5'2",66,48,,33,42,2
Female,6'4",109,36,A,41,42,0
Female,4'10",45,28,D,26,31,2
Female,5'9",85,33,DD,32,38,5
Male,5'6",76,36,,44,50,2
Female,6'0",81,38,F,29,35,2
Male,6'3",70,44,,34,33,3
Female,5'2",53,30,DD,26,32,2
Female,5'8",69,30,D,26,24,1
Female,5'9",65,44,E,38,44,3
Female,6'5",88,45,DD,23,30,2
Male,5'6",63,46,,47,47,3
Male,5'1",74,48,,28,34,5
Male,6'4",97,30,,28,33,2
Male,5'9",91,30,,47,53,2
Female,6'4",102,41,AA,32,36,0
Male,6'1",80,36,,29,31,3
Female,6'5",89,42,C,39,38,4
Male,5'8",69,40,,30,37,3
Female,5'2",60,30,B,25,28,3
Female,5'0",54,40,B,28,34,2
Male,6'2",84,52,,33,29,5
Male,6'6",87,44,,42,45,4
Male,5'11",80,30,,34,39,2
Female,5'0",54,33,C,20,23,5
Female,5'0",47,42,F,35,37,1
Female,6'2",87,44,B,39,46,3
Male,6'0",83,33,,35,36,0
Male,6'4",64,37,,34,39,2
Female,5'6",56,39,D,26,35,2
Male,6'0",99,50,,36,41,2
Male,5'5",85,40,,27,28,0
Male,6'2",103,40,,43,48,0
Male,5'8",89,34,,35,35,3
Female,6'4",86,32,A,41,47,4
Male,5'4",73,44,,27,29,0
Female,5'9",82,40,E,29,35,2
Male,5'11",77,34,,47,47,1
Female,5'0",43,33,E,36,40,0
Female,5'11",65,42,C,27,37,2
Male,4'10",42,30,,40,49,4
Female,6'6",91,36,DD,30,34,2
Female,6'4",99,32,AA,32,39,3
Male,6'2",86,32,,41,47,4
Male,5'5",63,35,,38,45,5
Male,6'1",83,39,,43,51,0
Male,6'1",104,51,,44,40,3
Female,5'6",73,48,D,42,42,4
Male,4'11",46,32,,39,50,4
Female,6'3",72,44,AA,32,42,2
Female,6'0",89,36,E,39,45,0
Female,5'4",59,41,F,38,49,1
Female,5'3",54,34,D,23,25,0
Male,6'1",74,46,,36,37,5
Female,6'1",98,37,E,24,30,3
Female,5'5",51,36,D,34,37,4
Male,4'11",44,33,,30,42,2
Male,5'10",88,36,,38,47,3
Female,5'6",77,32,C,22,31,0
Male,5'4",76,40,,38,39,1
Female,6'6",93,36,D,27,34,2
Male,5'2",62,42,,36,40,4
Male,5'0",60,51,,39,45,0
Female,6'1",79,37,DD,32,33,4
Male,5'6",67,32,,41,49,4
Male,6'5",81,36,,33,40,3
Male,5'9",93,52,,48,47,4
Female,5'4",67,33,F,26,36,1
Male,5'2",71,37,,34,40,5
Female,4'11",66,39,DD,38,43,1
Female,5'0",62,36,B,29,35,0
Female,6'6",70,31,E,23,31,3
Male,5'4",61,42,,35,40,0
Male,6'1",94,37,,38,42,4
Male,5'4",68,45,,25,32,4
Female,4'11",45,39,DD,29,39,0
Male,5'8",63,50,,43,48,3
Female,5'9",73,40,B,33,40,3
Female,5'0",66,41,B,30,36,2
Female,5'9",82,41,E,28,29,3
Female,5'6",77,35,C,24,29,1
Male,5'4",50,33,,30,39,1
Male,5'4",81,40,,32,39,5
Male,6'6",106,44,,33,39,2
Male,5'11",83,39,,31,36,0
Male,6'2",100,34,,44,40,3
Male,4'11",57,46,,31,33,5
Female,6'1",74,29,E,34,46,2
Female,4'10",49,27,B,31,31,1
Male,5'10",63,35,,40,41,2
Female,5'9",76,40,B,36,40,2
Male,5'6",70,49,,48,46,2
Male,5'3",65,31,,42,42,4
Male,6'3",94,50,,43,46,2
Female,6'6",105,47,B,28,33,3
Female,5'9",88,38,B,40,39,1
Female,5'9",76,46,A,35,45,4
Female,5'3",55,45,A,28,36,4
Male,6'4",84,49,,42,50,4
Female,5'6",60,30,B,20,25,2
Male,6'6",76,31,,40,49,4
Male,4'11",58,44,,40,52,3
Male,6'3",76,52,,42,43,0
Female,6'2",67,36,D,23,29,3
Female,6'1",77,35,F,33,39,3
Male,6'2",90,39,,42,45,2
Male,5'2",71,45,,44,50,1
Female,5'6",53,35,A,28,28,5
Male,4'10",54,33,,26,33,3
Female,5'2",47,28,D,25,32,0
Female,5'5",64,45,DD,36,39,3
Female,5'3",64,45,AA,27,36,3
Male,5'8",76,30,,44,49,4
Female,6'1",73,28,AA,41,48,4
Male,5'3",54,47,,25,30,0
Female,6'6",84,48,DD,39,45,3
Male,6'0",79,41,,31,36,5
Male,6'2",95,31,,38,39,2
Female,5'7",57,45,A,37,40,5
Female,6'0",80,48,AA,38,41,3
Female,5'3",70,40,DD,36,33,2
Male,5'8",56,41,,24,29,1
Female,5'7",70,30,A,27,39,3
Female,5'8",84,31,A,35,37,2
Male,6'2",98,30,,29,30,5
Male,5'2",73,50,,32,32,2
Male,4'11",41,41,,37,40,3
Male,5'9",75,42,,34,42,3
Female,4'10",44,43,B,29,28,0
Male,4'11",47,38,,37,37,3
Female,6'6",74,30,E,26,33,3
Female,5'6",53,34,DD,27,37,1
Female,5'7",73,35,B,23,21,1
Female,5'5",74,47,DD,42,50,2
Female,6'2",103,35,DD,36,43,2
Female,4'11",54,31,D,29,42,1
Female,4'10",48,32,AA,36,46,3
Female,5'3",61,34,E,38,46,2
Female,5'4",61,37,DD,38,47,2
Male,6'5",70,47,,39,46,5
Female,5'9",70,33,E,27,35,2
Male,5'4",59,45,,39,48,2
Male,5'0",65,31,,49,52,2
Female,5'1",68,37,E,37,39,3
Female,5'2",53,47,DD,32,32,5
Male,5'9",65,38,,39,47,2
Male,6'1",75,30,,32,35,2
Male,6'4",109,39,,28,31,0
Male,5'11",80,35,,27,32,1
Female,5'1",41,36,E,26,32,2
Female,5'9",81,42,B,39,39,2
Male,6'3",91,35,,31,37,2
Male,6'5",74,33,,30,41,0
Female,6'4",91,31,D,24,33,1
Female,5'3",48,41,C,28,35,5
Female,5'5",69,32,AA,22,21,0
Male,5'0",46,31,,34,44,1
Male,5'10",78,45,,44,45,1
Female,5'7",66,45,B,32,35,3
Female,5'7",67,40,AA,38,35,2
Male,5'6",67,46,,44,50,2
Male,6'3",89,43,,36,39,3
Female,6'2",82,30,D,33,42,4
Female,5'3",60,34,A,30,38,3
Female,6'4",93,46,C,35,42,0
Female,4'11",45,36,C,31,38,0
Female,6'6",78,46,C,27,30,3
Female,5'4",67,42,DD,37,49,2
Male,4'10",48,33,,29,37,2
Female,5'6",53,34,E,30,36,5
Female,5'9",78,33,AA,38,53,4
Male,5'11",67,42,,29,41,1
Male,4'11",53,41,,29,28,3
Female,5'11",72,35,AA,30,38,2
Female,5'3",52,41,C,31,39,1
Female,6'1",63,30,A,24,29,1
Female,5'8",71,39,A,37,44,3
Male,5'9",82,32,,45,51,1
Female,5'4",51,33,F,21,33,1
Female,6'6",93,32,B,29,38,0
Female,6'1",73,26,AA,38,49,3
Male,6'1",76,41,,45,45,2
Male,5'11",75,33,,28,31,2
Male,5'7",70,41,,43,49,4
Female,5'7",72,32,A,41,40,1
Male,5'2",58,32,,39,43,2
Female,5'3",59,33,D,34,35,4
Male,6'2",79,34,,26,32,4
Male,5'3",72,30,,35,43,0
Male,6'5",79,41,,42,46,1
Male,5'2",67,45,,45,52,1
Male,6'1",96,40,,35,38,1
Female,5'9",89,37,C,22,31,4
Female,6'1",103,29,E,42,48,1
Female,5'6",60,30,DD,22,32,1
Male,5'1",66,53,,29,38,2
Female,6'5",104,41,D,28,31,2
Male,5'5",63,36,,45,48,2
Male,5'5",51,35,,32,32,0
Male,5'6",86,37,,29,36,4
Female,5'1",74,32,DD,38,50,0
Female,4'11",66,36,A,26,33,0
Female,4'11",65,40,C,31,39,1
Female,6'6",93,32,B,30,35,2
Male,4'10",56,36,,30,39,3
Female,5'6",71,50,D,45,41,3
Female,6'5",83,46,DD,28,26,1
Female,6'6",117,46,F,25,30,1
Female,5'2",50,33,E,34,41,0
Female,5'4",60,41,F,40,50,1
Male,6'4",79,30,,42,48,1
Female,6'4",70,39,D,27,29,4
Male,6'5",111,38,,42,45,3
Male,6'4",76,42,,31,29,2
Female,6'0",82,38,F,26,36,2
Female,5'3",65,42,DD,44,49,3
Female,4'10",40,27,B,29,32,1
Female,5'11",70,47,DD,30,28,0
Male,5'8",83,45,,32,39,1
Female,4'10",55,27,AA,34,44,3
Male,6'2",106,29,,43,49,3
Male,5'3",64,36,,32,34,1
Female,5'11",74,48,F,30,37,1
Male,5'7",82,42,,30,35,2
Male,6'6",79,37,,34,36,1
Female,5'11",64,37,C,29,33,4
Female,6'2",87,42,B,41,44,4
Female,5'6",73,28,DD,39,46,1
Female,5'5",76,44,AA,29,37,5
Male,4'11",59,46,,39,42,3
Male,6'5",80,38,,24,29,3
Male,5'8",83,42,,31,37,2
Male,6'3",89,34,,28,37,1
Male,5'1",46,33,,39,44,3
Female,5'10",89,45,E,27,30,0
Male,5'11",81,32,,45,42,2
Male,6'0",88,34,,33,35,1
Female,5'7",82,28,A,34,43,3
Female,5'9",90,39,B,40,41,1
Male,5'4",64,45,,29,34,2
Male,4'10",43,30,,29,38,0
Female,6'3",81,38,AA,23,24,1
Female,5'1",45,36,F,34,45,2
Female,5'10",85,45,E,28,32,3
Female,5'0",62,39,A,25,26,0
Female,5'4",48,35,AA,35,38,3
Female,5'2",61,36,A,30,39,0
Male,5'6",58,36,,41,49,4
Female,6'6",100,36,A,22,29,3
Female,5'7",77,38,F,31,39,4
Male,5'11",97,52,,32,35,4
Female,5'0",58,28,A,27,34,5
Female,4'11",53,41,C,27,39,1
Male,6'5",78,38,,26,26,3
Male,6'0",94,49,,47,50,3
Female,5'3",70,33,D,37,51,2
Male,6'0",74,42,,34,37,4
Male,5'9",67,50,,39,46,4
Male,4'10",60,36,,46,50,4
Male,5'3",49,42,,42,46,3
Female,5'1",56,49,E,22,27,2
Female,4'11",65,38,DD,37,40,0
Female,6'4",74,29,AA,34,39,2
Male,6'0",89,34,,31,38,4
Female,5'1",56,30,B,33,40,2
Male,6'4",93,49,,28,28,1
Male,5'10",71,46,,40,48,0
Male,6'4",86,43,,44,45,4
Female,5'2",60,26,D,34,38,2
Male,6'6",102,47,,31,31,0
Female,5'11",91,48,E,25,23,1
Female,5'5",57,34,A,42,47,4
Male,4'11",60,45,,37,40,4
Female,4'11",62,46,C,35,39,1
Male,6'0",87,30,,30,36,3
Male,6'6",107,33,,45,46,4
Male,6'5",83,42,,35,43,2
Female,5'1",59,41,D,25,26,0
Female,6'1",70,32,AA,31,27,2
Female,4'10",41,31,C,30,38,0
Male,5'8",83,43,,32,36,1
Male,4'10",49,44,,26,31,2
Female,6'0",77,33,F,31,33,1
Female,6'2",89,43,AA,26,31,0
Male,6'6",102,32,,27,29,5
Female,5'1",44,45,A,36,46,4
Male,6'6",83,46,,48,49,3
Female,5'2",56,44,A,25,28,1
Male,5'5",60,32,,27,34,3
Female,6'6",73,28,E,24,30,3
Male,5'11",78,52,,46,46,3
Female,6'1",70,50,E,25,25,4
Female,5'6",59,31,A,27,31,4
Female,5'10",71,45,A,25,24,2
Male,5'3",52,37,,40,43,3
Female,4'11",47,35,AA,27,29,3
Male,5'9",62,37,,43,42,2
Male,5'9",62,46,,36,44,4
Male,5'1",74,49,,28,35,5
Male,4'10",52,43,,38,47,2
Male,5'8",81,40,,44,40,5
Male,6'1",90,42,,40,49,0
Male,5'5",63,32,,28,32,3
Female,5'5",74,45,D,26,31,1
Male,5'9",85,37,,28,38,2
Male,4'10",54,39,,31,41,2
Female,5'0",45,38,DD,23,28,2
Female,6'5",81,34,AA,32,35,1
Female,4'10",58,50,A,23,20,3
Female,4'10",56,33,D,39,39,2
Female,5'6",64,33,E,37,38,5
Male,6'2",99,28,,49,50,5
Male,4'11",62,33,,26,33,4
Male,6'5",73,39,,27,27,2
Female,5'5",59,35,D,33,31,4
Female,4'11",67,40,C,31,36,0
Female,5'6",56,35,E,32,41,5
Male,5'8",76,48,,39,43,2
Male,6'4",82,35,,35,38,0
Female,5'0",55,34,A,26,27,4
Male,6'4",73,38,,29,30,0
Female,5'7",59,38,DD,38,38,1
Female,5'2",59,35,E,24,36,1
Female,6'1",63,42,D,35,48,2
Male,5'7",71,51,,45,49,0
Male,5'1",66,50,,37,43,1
Female,4'10",60,41,D,34,41,2
Female,5'3",52,39,C,36,38,3
Female,6'0",66,34,C,40,40,0
Male,5'5",67,34,,37,46,3
Male,5'0",66,45,,40,44,1
Male,4'11",64,47,,43,53,3
Male,5'9",57,36,,46,46,3
Male,6'0",69,43,,34,40,1
Male,5'4",51,39,,35,39,3
Female,4'11",59,39,DD,26,30,4
Female,6'2",93,42,AA,26,32,1
Male,5'11",96,51,,34,35,4
Male,5'9",91,40,,33,41,3
Female,6'3",84,32,A,28,28,2
Female,5'4",63,41,AA,26,30,2
Male,4'10",53,47,,42,49,2
Female,6'1",67,28,A,25,28,1
Female,5'3",67,39,D,35,43,3
Female,5'2",70,40,DD,34,36,3
Male,5'7",76,40,,31,30,4
Female,5'9",68,36,C,23,28,1
Male,6'4",77,31,,29,28,1
Female,5'8",53,40,AA,22,21,1
Female,5'8",64,46,A,36,48,0
Female,6'2",93,38,E,42,42,4
Female,4'10",40,37,E,23,33,3
Female,5'0",62,29,C,40,45,4
Female,5'1",63,30,C,31,36,5
Male,5'0",48,35,,39,47,0
Male,6'5",80,43,,49,51,3
Male,5'4",63,35,,34,41,2
Male,6'5",79,38,,34,37,3
Female,6'6",102,32,B,26,34,1
Female,6'4",83,34,A,41,47,3
Male,6'0",93,48,,30,30,1
Male,6'5",90,51,,23,38,0
Male,5'5",50,36,,30,34,1
Female,4'11",61,32,E,27,31,1
Male,5'4",67,46,,25,31,2
Female,4'11",67,40,DD,28,33,3
Male,5'0",48,44,,36,44,4
Female,5'11",79,46,DD,23,33,2
Female,5'2",63,31,B,26,25,4
Male,5'3",69,47,,35,39,1
Male,5'5",69,41,,33,34,1
Female,5'6",54,40,D,27,35,3
Female,5'8",80,42,C,38,41,3
Male,6'3",71,45,,33,35,4
Female,6'6",80,46,DD,40,43,3
Female,5'10",85,32,A,41,51,2
Female,5'7",65,39,AA,39,36,0
Male,5'9",90,49,,30,37,1
Female,5'11",82,45,DD,42,48,3
Female,6'6",103,34,D,30,40,2
Female,5'2",62,37,E,25,32,1
Male,5'1",60,40,,37,47,3
Female,5'10",69,44,B,27,35,2
Female,5'6",74,41,AA,36,47,4
Female,5'4",50,34,F,24,31,1
Female,6'1",82,46,AA,33,36,3
Female,5'7",72,44,A,32,40,2
Female,5'9",77,45,A,37,44,4
Male,6'1",67,47,,43,42,4
Male,6'1",85,40,,30,31,3
Male,4'11",58,34,,25,36,1
Female,5'0",50,29,F,23,24,2
Female,6'3",108,47,E,41,44,0
Male,6'1",102,48,,33,40,4
Male,5'6",70,53,,48,51,1
Female,6'4",73,31,F,37,43,4
Female,5'5",60,33,A,27,29,3
Male,5'9",87,54,,39,42,2
Male,6'5",104,28,,33,44,1
Female,6'1",69,40,A,39,44,3
Female,6'0",67,46,DD,33,43,4
Male,4'11",43,35,,33,42,1
Male,5'9",60,40,,38,44,1
Female,6'2",76,35,A,36,36,5
Male,5'0",43,31,,32,45,0
Female,6'6",92,40,B,28,36,3
Female,5'4",54,33,E,33,36,4
Female,5'2",67,42,DD,31,35,3
Female,5'5",48,34,B,29,39,1
Female,5'7",58,36,A,31,34,0
Male,5'0",49,33,,38,44,3
Female,6'2",93,43,F,39,48,3
Female,4'10",56,44,A,36,50,2
Male,5'11",60,39,,39,42,3
Female,4'11",44,39,A,35,50,1
Male,5'2",70,50,,41,41,4
Female,5'6",84,47,F,36,38,0
Male,5'0",65,44,,43,49,4
Male,5'0",68,32,,48,50,2
Female,5'4",51,33,AA,36,40,3
Male,5'0",48,46,,35,46,5
Male,5'7",86,50,,48,50,0
Male,6'0",71,45,,39,39,2
Female,5'9",91,42,E,28,28,2
Male,4'11",57,45,,40,52,4
Male,5'5",85,49,,38,44,2
Female,6'0",89,31,DD,31,39,3
Male,4'11",49,36,,37,47,5
Male,5'1",71,35,,33,35,4
Female,6'2",87,32,E,39,45,2
Female,5'3",48,41,C,34,39,2
Female,5'4",60,42,F,40,51,2
Male,5'4",82,53,,36,40,3
Male,5'6",52,32,,30,27,3
Female,5'9",66,43,C,39,46,4
Female,5'9",63,48,D,29,36,1
Female,5'3",43,41,C,37,40,3
Male,5'4",49,38,,30,33,3
Female,5'1",55,33,D,31,31,3
Male,5'5",63,37,,42,45,2
Female,4'10",38,29,C,32,38,1
Female,5'6",65,36,DD,35,41,0
Male,5'0",46,29,,36,45,3
Female,6'4",92,35,AA,33,43,1
Male,5'7",60,35,,26,37,1
Male,5'10",85,37,,37,44,4
Female,5'6",78,32,C,44,50,0
Female,5'6",73,29,D,31,41,4
Female,6'0",75,43,F,22,29,1
Female,4'10",52,34,D,38,36,2
Male,5'7",86,38,,34,33,2
Male,5'4",61,32,,27,35,1
Female,5'2",53,43,A,23,30,2
Male,4'11",43,32,,38,46,4
Female,5'1",51,44,B,24,39,3
Male,5'1",63,34,,34,35,2
Female,5'0",72,26,F,31,36,5
Female,4'11",54,32,F,22,30,3
Female,6'0",60,49,AA,33,36,2
Male,6'0",68,43,,40,41,0
Male,5'1",60,35,,40,42,4
Male,6'6",83,45,,35,43,0
Female,6'1",89,29,E,41,47,3
Male,5'11",71,48,,33,39,1
Female,4'11",41,33,D,25,36,0
Female,6'6",71,32,E,31,32,0
Female,6'6",76,37,AA,26,36,2
Male,6'4",79,37,,34,37,2
Female,6'2",80,37,A,19,25,1
Female,5'10",59,39,A,30,37,1
Male,5'7",71,50,,31,40,3
Male,6'0",90,34,,31,36,4
Female,6'3",95,44,E,41,42,1
Male,6'0",65,34,,33,39,4
Female,5'10",86,43,E,26,30,0
Female,5'0",57,26,C,28,35,3
Female,6'4",107,40,D,34,38,2
Male,5'8",59,40,,25,28,1
Male,5'8",58,39,,37,37,3
Male,6'0",83,33,,28,32,3
Male,5'10",90,32,,39,42,5
Female,6'6",83,49,DD,39,46,2
Female,5'2",58,47,DD,29,35,4
Male,5'5",53,43,,35,40,1
Male,6'0",98,41,,40,50,2
Female,5'5",68,28,E,31,40,1
Male,6'6",110,39,,42,44,3
Female,6'1",70,31,F,30,37,4
Male,5'1",50,32,,38,47,0
Male,4'11",62,42,,29,29,3
Female,6'6",113,47,B,33,37,2
Male,5'9",56,43,,38,41,2
Male,5'10",78,51,,29,35,4
Female,5'1",56,31,AA,32,38,5
Male,5'9",93,34,,27,27,1
Male,4'11",53,37,,24,32,5
Female,5'5",63,43,DD,35,35,2
Female,5'0",51,38,B,28,30,2
Male,6'0",66,51,,46,46,1
Male,4'11",62,45,,43,50,3
Female,6'3",102,32,C,23,27,4
Female,6'5",78,47,A,23,26,3
Female,5'8",90,45,A,35,48,2
Male,5'0",47,28,,35,45,3
Male,6'2",90,29,,41,43,5
Male,6'3",76,51,,31,38,3
Female,5'8",66,29,D,32,35,1
Male,5'6",54,41,,31,31,1
Female,6'0",69,32,C,37,37,0
Male,5'10",78,36,,32,37,2
Female,5'0",68,29,A,39,49,3
Female,5'0",47,36,C,33,43,3
Male,6'4",94,46,,43,46,3
Male,5'8",81,38,,43,45,3
Female,6'6",92,41,B,29,35,3
Male,5'6",52,34,,29,30,3
Female,5'7",70,33,F,37,44,1
Male,5'6",82,33,,26,30,1
Female,5'2",51,37,A,31,42,5
Female,6'5",114,41,AA,42,44,1
Female,6'2",82,35,DD,24,23,3
Female,6'6",95,29,E,35,42,3
Male,6'5",113,50,,29,39,2
Male,5'3",82,47,,39,41,1
Female,6'4",97,37,E,28,34,0
Male,5'6",74,34,,47,48,1
Male,5'0",66,47,,41,40,2
Male,6'3",69,49,,43,53,2
Male,5'4",55,33,,30,30,4
Female,6'0",80,36,F,27,30,4
Male,5'6",79,48,,35,33,3
Male,5'9",54,33,,32,33,0
Female,5'3",50,42,C,32,41,3
Female,5'2",55,34,C,37,45,4
Male,6'2",91,32,,38,42,1
Female,4'11",47,35,C,35,38,2
Male,6'5",101,47,,26,29,1
Female,6'4",99,31,A,41,48,3
Female,5'9",74,35,D,35,46,4
Female,6'6",101,40,A,34,39,2
Female,5'0",52,28,C,24,30,1
Male,5'2",70,48,,27,34,0
Female,5'5",78,48,DD,39,47,0
Male,5'4",52,37,,30,31,4
Male,4'10",46,38,,41,41,0
Male,5'6",71,48,,36,39,1
Female,6'4",80,42,B,41,47,0
Male,5'0",53,36,,43,43,0
Male,5'8",70,36,,36,38,4
Female,6'3",102,32,C,24,27,4
Female,5'3",60,42,D,29,37,2
Male,5'11",70,47,,31,39,3
Male,6'2",100,37,,33,41,0
Female,5'3",50,43,AA,38,47,1
Male,5'7",82,49,,45,47,0
Female,6'1",86,28,E,40,48,2
Female,5'2",66,40,D,35,39,0
Female,4'11",47,43,AA,22,27,2
Female,4'10",44,40,E,20,35,2
Male,6'5",101,42,,41,48,1
Female,5'2",44,37,D,25,25,3
Female,5'3",59,47,AA,30,34,4
Male,5'8",71,34,,40,49,3
Female,4'11",59,27,C,34,40,2
Male,5'4",73,41,,37,37,2
Male,6'6",76,32,,39,51,3
Male,6'1",75,44,,48,53,3
Male,6'6",103,45,,32,34,1
Female,6'6",116,32,DD,34,42,3
Male,6'5",81,52,,30,37,0
Male,6'4",91,28,,36,48,0
Male,4'11",47,35,,33,42,2
Male,6'3",68,41,,32,39,3
Female,5'5",50,34,B,32,39,0
Female,5'7",85,47,A,39,45,2
Female,6'3",85,37,D,41,46,0
Female,5'1",71,37,B,22,25,0
Female,5'11",65,35,C,25,37,3
Male,5'2",59,46,,35,36,1
Female,5'11",92,36,E,34,41,1
Male,6'0",79,32,,30,31,2
Female,4'11",60,33,AA,33,40,1
Female,4'11",65,32,AA,36,38,2
Female,5'0",60,29,A,37,42,1
Female,5'5",53,40,F,35,39,0
Male,5'5",63,50,,28,32,2
Female,5'7",70,43,AA,38,38,0
Female,5'7",59,32,AA,31,36,3
Female,5'9",71,34,D,36,43,3
Male,6'2",89,31,,42,46,4
Male,6'1",91,40,,38,40,2
Female,5'0",46,38,DD,23,24,2
Female,6'2",72,39,A,37,36,4
Female,6'4",105,38,A,30,33,4
Male,5'7",69,37,,42,43,4
Male,6'6",79,50,,26,26,0
Male,5'1",70,37,,31,38,1
Male,5'4",79,49,,33,41,3
Male,6'2",85,30,,43,47,4
Female,6'6",104,39,DD,34,45,2
Female,6'2",72,44,AA,28,30,4
Male,5'0",65,50,,37,45,0
Female,5'2",46,39,D,26,28,2
Female,6'3",84,36,D,40,46,2
Female,5'5",71,44,D,29,33,1
Female,5'10",73,43,B,30,36,4
Male,5'11",77,47,,34,42,1
Female,6'4",84,47,B,34,37,1
Male,6'0",83,30,,28,30,2
Male,5'1",61,32,,28,34,1
Male,6'2",99,41,,35,40,2
Male,5'11",71,40,,30,39,1
Female,5'0",50,40,B,31,33,2
Female,5'1",56,35,D,32,29,4
Female,5'5",54,39,AA,22,25,2
Male,5'9",88,36,,26,26,1
Male,4'11",50,37,,33,43,1
Male,5'9",70,34,,34,33,3
Male,6'5",80,42,,45,43,0
Male,5'7",77,38,,35,32,4
Female,5'2",48,29,AA,29,31,0
Male,5'2",66,35,,35,37,4
Male,6'6",79,52,,32,35,5
Male,6'3",93,52,,44,43,2
Female,5'10",67,48,A,20,21,4
Male,5'3",64,46,,32,38,1
Male,5'1",45,32,,42,41,4
Male,5'5",66,32,,32,36,2
Female,5'2",64,40,C,30,31,2
Male,5'4",61,48,,39,39,2
Male,5'7",60,43,,42,43,2
Male,5'5",61,40,,31,39,3
Male,5'0",65,43,,33,34,0
Male,6'2",95,32,,28,30,5
Male,5'8",74,37,,25,36,3
Male,6'0",96,48,,30,27,0
Female,5'6",73,45,AA,35,45,0
Female,5'1",57,44,AA,23,31,2
Female,5'5",51,33,B,31,36,2
Male,6'6",79,33,,41,49,4
Female,5'1",65,31,DD,42,48,0
Female,6'6",80,48,DD,42,46,3
Female,5'9",81,28,B,35,42,1
Female,5'8",80,32,A,38,35,2
Female,5'5",76,45,F,36,36,4
Male,4'10",54,31,,34,43,4
Female,5'6",58,30,A,25,34,4
Male,6'5",76,35,,28,38,0
Male,5'1",49,35,,38,45,4
Male,6'2",103,35,,36,43,1
Female,6'3",94,41,E,39,43,0
Male,5'6",83,44,,31,40,4
Male,4'11",49,42,,41,50,2
Male,5'7",84,51,,47,48,1
Female,5'6",57,42,D,38,47,2
Female,5'4",76,39,D,40,48,0
Male,5'3",66,45,,47,47,0
Female,5'10",76,44,B,32,34,4
Male,5'0",61,45,,34,42,2
Male,5'6",74,44,,39,48,3
Male,5'0",60,43,,46,47,1
Female,5'4",67,41,E,35,38,2
Female,5'7",70,35,B,22,22,2
Female,5'1",57,43,B,26,39,3
Male,4'11",47,35,,39,41,0
Female,6'0",78,45,DD,37,47,4
Male,5'9",87,31,,48,50,2
Female,5'2",49,28,B,30,30,3
Female,6'2",95,32,E,41,51,2
Male,5'5",61,35,,32,34,2
Male,5'7",89,42,,32,37,0
Male,6'5",75,46,,36,45,4
Female,6'2",88,45,B,36,45,3
Female,5'11",60,36,C,26,34,4
Female,6'6",73,38,AA,23,36,3
Female,5'11",94,46,E,24,24,2
Male,6'5",116,48,,31,42,2
Male,5'4",65,38,,40,44,5
Female,6'5",67,43,B,37,46,0
Female,6'1",99,38,F,36,46,3
Male,5'9",82,33,,46,51,3
Male,5'8",84,36,,36,37,4
Male,5'9",85,29,,46,47,1
Female,4'11",42,39,C,35,38,0
Female,5'6",81,32,F,32,33,2
Male,6'6",109,40,,45,46,4
Male,4'11",47,37,,26,26,4
Female,6'1",71,36,AA,31,29,0
Male,6'3",79,53,,33,35,4
Male,5'7",73,51,,46,50,0
Male,4'11",47,41,,26,34,2
Male,6'2",83,53,,29,30,4
Male,5'0",51,46,,38,42,4
Male,5'4",73,42,,31,40,0
Female,5'4",66,37,A,38,38,1
Female,5'9",78,43,E,39,50,4
Male,5'5",70,39,,42,45,1
Female,5'6",74,35,C,22,30,0
Male,5'0",67,45,,35,33,1
Male,6'6",99,38,,47,49,3
Male,6'2",75,42,,38,46,5
Male,6'6",117,48,,44,49,3
Female,5'7",66,36,E,36,41,2
Female,6'0",80,36,F,29,34,2
Male,5'8",68,35,,43,46,0
Female,5'0",67,42,A,24,26,1
Male,5'1",65,52,,38,42,4
Female,6'1",79,41,F,38,42,2
Female,4'10",46,32,C,28,37,1
Female,5'2",59,36,E,24,30,2
Female,5'6",79,38,F,34,37,0
Female,5'6",71,41,AA,39,44,4
Female,5'0",47,27,C,25,31,1
Male,5'10",78,52,,38,46,0
Male,6'1",62,49,,44,43,3
Male,6'4",88,50,,26,29,2
Female,5'3",74,35,D,39,48,0
Female,6'0",72,34,C,40,38,1
Male,6'6",115,39,,49,47,4
Female,5'4",56,31,DD,23,32,3
Female,5'3",58,43,A,29,40,4
Male,5'4",80,33,,43,49,3
Male,6'4",74,38,,48,49,4
Female,5'9",64,49,D,27,36,1
Female,6'4",89,48,C,35,39,1
Female,4'11",52,41,C,28,37,1
Male,5'10",82,34,,38,43,3
Male,6'4",110,48,,30,34,4
Male,6'0",93,31,,36,42,3
Male,5'9",60,36,,45,45,3
Female,5'0",46,40,DD,23,24,0
Female,5'7",56,43,C,25,21,2
Male,6'1",90,37,,44,44,3
Female,4'10",43,35,F,30,38,3
Male,5'1",61,31,,29,31,2
Female,5'2",74,42,D,41,50,1
Male,5'4",66,48,,38,43,0
Male,5'2",74,47,,43,52,2
Male,6'1",78,42,,38,41,4
Female,6'4",90,47,C,37,44,2
Female,6'1",79,35,DD,35,36,4
Male,5'8",66,51,,46,48,2
Male,5'6",71,31,,41,45,2
Female,5'5",72,46,DD,33,38,3
Female,5'1",56,29,B,32,42,2
Male,5'3",50,38,,37,40,2
Male,5'9",71,31,,26,29,1
Male,5'1",48,37,,37,35,1
Female,6'5",91,35,B,38,43,0
Female,5'0",55,43,C,35,44,3
Male,6'5",72,40,,46,47,4
Male,5'4",72,43,,40,46,4
Female,5'6",68,37,DD,32,40,2
Female,4'11",52,33,F,25,33,3
Male,5'1",73,41,,43,46,4
Male,5'1",74,41,,37,46,3
Male,6'6",79,39,,34,37,0
Female,6'5",74,35,AA,33,36,0
Female,5'4",74,36,D,36,46,1
Male,5'9",65,42,,26,26,4
Male,6'0",65,32,,46,46,3
Female,5'10",93,34,F,36,42,3
Female,5'0",56,45,F,27,36,2
Female,5'9",76,29,C,36,42,3
Male,6'6",80,38,,32,35,2
Female,5'2",53,48,DD,31,38,5
Female,5'3",67,41,D,41,48,2
Male,5'0",50,36,,40,46,1
Female,5'7",69,49,F,19,26,2
Female,5'2",50,30,B,30,28,3
Female,6'5",78,41,E,27,32,4
Male,6'5",76,34,,29,35,1
Male,6'0",84,38,,33,43,2
Female,5'9",77,36,AA,35,44,2
Male,5'8",88,30,,37,48,4
Male,5'3",73,31,,31,38,2
Male,6'5",115,37,,41,46,3
Female,6'2",74,35,D,34,43,1
Male,5'10",84,45,,35,45,0
Male,6'4",79,32,,26,28,2
Female,5'0",51,32,F,37,47,1
Male,5'5",59,40,,29,41,4
Male,4'10",52,37,,28,37,4
Male,5'5",60,41,,40,47,4
Male,5'10",80,43,,37,38,0
Female,6'5",75,34,F,34,40,0
Male,6'6",115,40,,43,47,4
Female,5'8",65,47,DD,36,41,3
Female,5'7",79,26,A,30,37,3
Male,5'0",65,32,,32,34,2
Male,5'8",87,35,,39,44,1
Female,6'1",98,40,F,38,45,3
Female,6'6",82,46,C,21,30,2
Female,5'3",44,40,E,30,39,2
Female,6'6",93,28,A,41,42,2
Female,4'10",44,34,AA,37,42,1
Male,5'6",55,37,,44,48,4
Female,5'1",67,29,DD,39,46,0
Male,5'0",45,43,,36,39,0
Female,5'3",71,43,B,24,22,0
Female,6'4",98,40,AA,33,36,1
Male,5'5",63,33,,30,37,1
Female,6'1",74,41,F,40,41,1
Female,6'3",109,39,F,42,42,4
Male,6'5",85,52,,28,37,2
Female,5'7",85,46,A,41,47,2
Female,5'10",98,37,D,32,40,3
Male,6'0",94,33,,35,42,3
Female,6'2",73,34,DD,19,20,2
Female,6'4",77,44,D,38,46,4
Male,6'6",98,39,,47,51,3
Female,5'8",55,32,DD,41,40,2
Female,5'2",50,29,B,33,27,3
Male,6'0",98,42,,36,46,2
Male,6'4",81,35,,33,38,1
Female,6'3",106,48,E,39,43,1
Female,5'4",53,33,E,32,36,3
Male,5'4",59,32,,28,33,4
Male,6'6",116,48,,38,49,5
Female,6'4",105,39,AA,31,34,0
Female,5'3",72,40,DD,32,33,1
Male,5'6",79,44,,33,38,3
Male,6'0",81,34,,33,37,2
Female,5'9",68,44,E,35,42,5
Female,5'1",57,27,D,34,35,5
Male,6'0",96,48,,31,39,2
Male,5'4",81,38,,32,38,5
Female,5'1",68,37,B,24,26,2
Male,5'10",58,36,,45,52,4
Male,5'2",67,50,,35,43,0
Female,6'2",85,35,B,29,32,2
Female,5'9",83,32,DD,36,34,2
Female,5'0",61,31,C,39,46,4
Female,5'9",71,44,A,38,41,3
Male,6'2",91,48,,44,50,4
Female,6'5",108,48,C,33,43,4
Male,5'8",78,39,,42,43,4
Male,5'4",71,29,,45,50,0
Female,6'4",88,46,B,34,40,1
Female,4'11",48,38,A,38,47,2
Female,5'6",72,39,AA,42,42,3
Male,4'11",60,43,,43,51,3
Female,6'6",116,32,D,39,43,4
Male,6'0",88,42,,42,38,0
Male,5'3",46,30,,29,36,2
Male,5'6",54,36,,45,45,3
Female,5'5",71,45,D,26,34,1
Female,6'1",68,34,F,24,27,4
Male,5'1",47,31,,32,42,1
Male,6'2",96,49,,44,48,4
Female,5'1",72,41,F,25,30,4
Female,5'3",61,43,B,20,24,2
Female,6'6",104,41,B,38,37,2
Male,5'7",67,50,,34,36,4
Female,5'6",70,37,A,30,36,2
Female,4'11",42,33,D,27,37,0
Female,5'9",71,32,F,33,32,2
Male,5'0",48,33,,39,41,0
Female,6'1",96,31,B,25,29,2
Male,5'7",70,31,,42,51,0
Male,6'2",98,41,,37,49,1
Female,5'11",89,34,B,39,43,2
Male,5'3",78,35,,39,43,3
Female,5'7",72,34,F,40,46,2
Male,5'0",53,47,,29,27,5
Female,5'7",61,46,B,33,36,1
Male,6'6",113,50,,44,48,4
Male,5'1",51,32,,31,39,0
Female,6'6",98,30,AA,42,46,1
Female,5'9",76,36,DD,30,38,5
Male,5'0",62,49,,33,37,1
Male,5'2",67,48,,41,43,4
Male,6'0",84,40,,39,41,1
Male,5'5",67,43,,34,45,3
Female,5'10",64,28,B,24,25,4
Female,5'10",94,42,AA,35,45,0
Male,5'8",88,41,,31,36,3
Female,5'1",69,40,E,27,32,2
Female,5'7",69,33,B,24,26,2
Female,5'11",93,36,E,37,43,1
Male,6'3",80,50,,45,44,1
Male,5'6",84,40,,31,35,5
Male,6'2",97,38,,39,45,3
Female,6'5",69,43,AA,30,42,1
Male,5'10",59,35,,40,40,0
Female,6'1",80,35,A,30,33,0
Female,5'8",77,37,DD,39,48,1
Male,6'1",72,46,,46,50,2
Female,6'0",83,31,D,40,41,4
Male,5'11",76,42,,48,49,4
Male,6'2",89,38,,44,52,3
Male,4'11",64,47,,36,42,3
Female,5'2",53,44,A,23,28,1
Male,5'2",70,38,,48,53,2
Male,5'9",66,44,,34,44,4
Male,4'11",55,29,,31,38,1
Female,6'4",78,35,DD,23,28,2
Male,4'11",60,48,,40,45,3
Female,6'1",86,36,AA,28,38,0
Male,5'10",94,29,,38,42,3
Male,5'6",81,35,,23,29,1
Female,5'10",78,45,E,25,38,1
Female,5'1",48,41,C,22,30,5
Male,5'4",64,51,,39,35,1
Male,5'5",84,37,,31,32,1
Female,5'1",50,34,F,35,46,0
Female,5'9",85,44,E,25,29,4
Male,5'6",82,49,,34,34,4
Male,5'4",64,43,,42,43,1
Female,5'1",62,32,AA,23,32,1
Male,5'9",58,46,,39,42,3
Female,5'3",76,28,B,30,32,1
Female,5'1",67,31,DD,40,49,1
Male,5'11",76,54,,47,49,3
Female,6'6",115,27,E,26,23,2
Female,6'3",95,41,A,32,40,3
Female,6'2",102,35,DD,39,43,4
Female,6'3",86,32,A,27,33,2
Male,5'6",79,36,,41,49,1
Female,5'1",62,43,D,26,24,0
Male,5'0",55,33,,35,43,3
Female,5'0",45,30,AA,27,33,1
Male,4'11",51,37,,31,40,1
Male,5'1",65,43,,37,45,4
Male,6'1",72,48,,30,33,0
Female,4'10",63,48,A,22,22,3
Male,6'2",103,35,,37,42,1
Female,6'3",73,37,DD,26,35,0
Female,5'6",78,35,E,31,35,4
Female,5'11",83,31,E,36,42,3
Male,6'0",70,52,,34,41,2
Male,5'11",77,47,,34,38,5
Female,5'9",76,45,A,38,44,4
Male,5'3",74,34,,42,42,3
Female,5'2",52,38,E,23,33,2
Male,6'2",100,35,,32,41,1
Female,5'8",60,39,F,24,28,1
Female,6'2",79,31,DD,23,24,4
Female,4'11",62,41,DD,25,33,4
Female,5'4",61,43,AA,24,31,1
Female,5'8",63,46,A,35,44,0
Male,6'0",98,50,,34,38,2
Male,5'11",70,48,,35,38,3
Male,5'5",68,42,,32,43,3
Female,5'2",63,28,D,33,35,0
Male,5'5",50,33,,32,32,0
Male,5'8",73,36,,38,36,3
Male,6'5",92,41,,37,39,2
Female,5'0",60,44,F,39,45,1
Male,4'10",59,34,,48,52,4
Male,5'3",51,30,,29,34,3
Female,5'10",91,41,C,39,42,2
Female,5'7",71,43,A,35,38,3
Female,5'0",60,42,F,41,43,1
Male,5'8",72,39,,27,37,4
Female,5'6",55,34,E,29,39,4
Male,5'7",58,41,,43,47,2
Male,4'10",57,31,,40,45,3
Female,5'7",67,47,F,40,42,3
Female,4'11",42,39,DD,29,42,2
Female,5'7",68,32,B,25,28,3
Female,5'4",66,48,AA,24,29,2
Female,5'3",53,44,A,31,38,5
Male,6'3",92,49,,40,44,1
Female,5'8",63,39,F,25,22,1
Male,5'1",70,42,,40,44,4
Female,5'9",67,31,E,26,35,0
Male,6'2",101,36,,42,42,3
Female,5'6",62,35,A,34,35,2
Female,5'11",76,43,A,32,40,2
Female,6'0",83,36,C,37,33,5
Male,5'9",83,33,,45,49,0
Male,5'4",54,37,,27,29,4
Male,6'0",85,34,,30,34,2
Female,5'8",82,30,A,32,36,3
Male,5'11",74,35,,29,34,1
Male,5'2",70,33,,35,38,3
Female,5'10",76,45,F,20,32,2
Female,5'0",52,47,F,30,34,1
Male,6'1",65,47,,42,45,3
Male,4'11",39,37,,36,43,0
Female,6'5",72,36,F,37,41,2
Female,5'9",75,41,B,29,32,2
Female,5'4",61,47,C,35,39,1
Male,5'6",79,38,,44,52,2
Female,6'5",80,41,B,36,46,1
Male,5'6",81,35,,28,33,0
Male,4'11",59,36,,39,43,3
Male,5'3",55,30,,39,45,4
Female,6'4",86,45,AA,27,29,2
Female,5'4",57,32,DD,22,31,3
Male,6'1",88,38,,30,33,2
Female,5'6",55,32,E,32,42,5
Male,5'5",79,50,,37,47,1
Male,6'1",90,42,,45,48,0
Male,5'9",61,44,,29,23,3
Female,6'4",81,41,B,39,45,1
Female,4'10",44,34,B,28,34,2
Female,6'6",84,47,DD,40,48,2
Male,6'0",76,52,,38,44,3
Male,6'0",78,31,,27,32,1
Female,5'3",50,41,C,29,31,2
Male,5'1",47,36,,32,32,2
Male,6'5",77,30,,39,40,2
Female,5'0",71,27,DD,38,38,2
Male,6'4",100,32,,27,36,2
Male,6'4",108,48,,30,35,5
Male,5'0",62,48,,35,43,3
Male,4'11",71,54,,25,29,1
Male,6'6",98,47,,33,34,0
Male,6'6",82,46,,35,46,1
Female,6'0",89,38,C,37,39,4
Male,5'9",66,48,,40,49,5
Male,5'3",68,48,,32,40,1
Female,5'5",72,43,F,24,36,3
Male,5'6",81,31,,46,51,0
Male,5'6",78,48,,29,31,2
Female,5'7",68,47,F,38,39,2
Female,5'7",50,41,B,34,35,5
Male,5'6",74,47,,33,35,1
Female,6'3",98,41,A,32,40,2
Male,5'9",64,33,,25,32,1
Male,5'5",78,33,,39,45,1
Male,5'6",76,31,,44,48,1
Male,6'3",90,36,,26,30,3
Male,5'11",83,30,,33,39,3
Male,5'7",62,52,,43,42,4
Male,6'2",80,37,,46,50,2
Male,5'8",75,41,,29,37,4
Female,6'5",72,43,AA,32,42,2
Female,6'6",100,32,DD,37,41,0
Male,6'2",82,52,,30,30,4
Male,5'11",76,52,,49,44,3
Male,6'6",93,45,,28,32,4
Female,5'3",69,39,DD,38,42,0
Male,6'0",92,50,,47,48,3
Female,5'8",77,43,C,38,40,3
Female,5'7",66,48,B,30,32,3
Female,5'11",85,46,F,41,45,3
Female,5'6",64,34,E,37,40,5
Male,6'4",71,40,,35,43,3
Male,6'1",77,37,,35,40,3
Male,5'0",67,42,,41,43,0
Female,5'0",70,29,DD,35,40,1
Male,4'11",54,48,,28,32,4
Male,6'6",114,41,,40,45,4
Female,5'10",73,29,D,37,43,1
Male,5'11",84,51,,31,38,5
Female,5'3",63,45,B,19,25,2
Male,5'3",82,44,,44,41,1
Female,6'5",96,38,D,29,37,1
Female,5'3",78,35,F,35,31,2
Female,5'8",54,41,F,24,26,1
Female,6'0",76,43,F,24,30,2
Female,5'7",60,36,D,24,31,1
Male,6'0",70,52,,37,40,3
Female,5'6",87,45,F,33,35,0
Female,5'9",84,34,DD,33,34,3
Female,5'5",69,36,DD,34,45,3
Female,6'4",80,45,AA,29,29,1
Female,5'11",84,47,F,41,47,2
Female,6'6",104,42,A,34,36,1
Male,5'7",70,43,,40,44,5
Male,5'0",55,44,,43,49,5
Male,4'11",62,49,,43,50,1
Female,4'10",36,37,F,34,38,4
Female,5'9",77,42,E,42,50,3
Male,4'10",55,38,,34,42,3
Female,5'9",77,27,C,37,47,4
Female,6'1",102,42,F,38,46,3
Male,5'3",76,40,,47,49,1
Male,5'10",86,43,,40,39,0
Female,4'10",59,29,A,38,47,3
Female,6'3",104,36,C,29,31,1
Female,5'11",78,41,A,33,43,2
Male,5'11",70,33,,32,37,2
Female,4'11",54,34,F,28,36,3
Female,6'1",74,48,E,22,27,4
Female,6'4",90,33,AA,32,41,1
Female,5'1",60,32,AA,24,33,2
Male,5'9",68,50,,36,46,3
Male,5'3",63,34,,43,50,2
Male,5'2",67,40,,27,27,0
Male,5'5",59,39,,30,43,2
Male,6'3",87,36,,31,34,2
Female,5'10",96,34,F,36,39,2
Female,6'5",72,35,F,35,42,0
Male,5'8",60,44,,28,30,0
Male,5'8",85,33,,44,45,1
Male,5'3",79,46,,36,41,3
Female,6'4",83,42,B,38,48,1
Male,5'1",58,34,,38,36,3
Male,6'0",95,33,,42,48,3
Female,5'0",58,36,B,26,34,0
Male,6'6",77,40,,41,50,1
Female,6'1",79,37,AA,37,40,3
Male,5'5",65,29,,28,41,0
Male,6'1",77,44,,43,39,2
Female,5'9",72,31,F,35,37,0
Female,5'6",57,35,A,28,29,5
Female,5'2",52,40,C,37,38,1
Male,5'10",89,35,,34,41,5
Female,5'8",58,37,F,25,34,4
Female,5'8",69,48,DD,34,42,2
Male,6'6",98,33,,33,36,2
Female,6'4",95,44,C,35,45,0
Male,5'4",79,40,,30,39,4
Female,6'0",91,45,B,33,39,0
Male,5'6",61,30,,40,46,2
Male,6'1",65,31,,38,46,3
Male,5'9",82,37,,27,35,0
Female,6'1",85,38,AA,30,37,0
Male,6'0",79,40,,33,36,5
Male,6'2",96,37,,48,48,0
Female,5'2",56,42,F,32,30,4
Female,5'4",58,31,B,32,36,3
Female,5'4",67,41,DD,40,48,1
Male,4'11",45,39,,37,37,3
Female,6'1",76,30,AA,38,49,5
Male,6'5",97,42,,33,41,2
Female,6'6",87,32,A,24,35,1
Female,5'0",64,26,C,30,33,3
Male,6'6",99,48,,32,36,1
Female,5'9",78,34,AA,40,47,5
Female,5'5",51,38,F,37,39,1
Female,6'4",70,39,D,27,28,4
Female,5'1",71,41,F,31,30,3
Female,4'11",64,28,F,27,33,0
Male,5'11",77,31,,44,52,1
Male,5'10",79,49,,40,46,1
Male,6'6",98,49,,36,33,0
Male,5'11",97,38,,45,45,3
Female,5'4",78,34,AA,43,43,4
Female,5'6",66,41,AA,34,44,0
Female,6'1",79,35,B,35,39,1
Female,5'11",76,45,DD,26,30,1
Male,5'6",83,38,,34,37,5
Male,4'11",63,34,,26,34,3
Female,6'3",87,29,A,27,33,2
Male,6'2",78,43,,36,46,2
Female,5'5",72,43,A,25,27,4
Male,6'6",100,37,,38,38,4
Male,5'0",54,48,,27,27,4
Male,5'0",60,42,,49,46,3
Male,5'8",59,37,,40,47,5
Male,6'5",110,40,,32,41,1
Female,6'1",106,33,F,42,39,0
Male,6'2",71,41,,34,46,2
Female,5'5",56,40,AA,22,22,3
Female,5'8",81,27,F,31,40,3
Female,5'7",69,41,AA,36,36,0
Female,6'6",112,45,F,25,32,3
Female,6'2",78,37,AA,37,42,0
Male,5'1",74,49,,36,42,5
Male,5'11",82,45,,34,40,1
Female,5'8",78,43,C,41,42,4
Female,6'4",71,31,AA,33,42,2
Male,5'2",69,31,,28,30,4
Female,5'7",69,47,F,36,37,2
Male,5'2",62,52,,38,42,1
Male,6'1",84,43,,38,40,2
Female,4'11",40,31,C,29,29,4
Male,5'0",43,41,,26,26,2
Female,5'1",62,37,DD,34,34,4
Female,5'8",56,39,AA,24,24,0
Male,5'9",87,38,,25,38,2
Female,6'0",75,36,F,29,33,3
Male,5'6",81,49,,36,35,4
Female,6'1",68,28,AA,41,48,3
Male,6'4",83,35,,51,48,4
Female,5'10",80,45,E,27,35,2
Male,5'6",84,42,,35,39,2
Male,4'11",58,51,,43,51,2
Male,5'5",60,43,,39,48,3
Female,5'8",70,27,D,29,38,2
Male,6'5",113,35,,46,48,2
Female,5'11",92,28,E,36,42,1
Male,4'11",66,32,,40,38,2
Female,5'3",69,43,DD,42,48,2
Female,5'6",68,46,D,43,44,3
Female,5'1",66,45,B,30,36,5
Female,5'4",70,35,DD,39,48,0
Female,6'1",66,34,AA,28,29,0
Male,6'5",75,38,,24,27,4
Female,6'2",104,36,DD,33,42,3
Male,5'2",68,36,,36,37,5
Male,5'0",69,43,,38,32,1
Female,5'1",71,37,DD,40,50,0
Male,6'3",77,52,,44,45,1
Male,4'11",59,34,,45,45,3
Male,5'9",77,41,,37,45,4
Female,5'5",63,34,AA,24,24,1
Female,5'3",72,42,DD,45,50,1
Male,5'8",87,44,,33,38,2
Female,5'4",74,35,AA,45,47,2
Female,6'0",70,46,DD,34,42,4
Female,5'1",65,40,A,34,44,4
Female,5'2",54,26,B,27,28,3
Male,6'3",71,50,,31,40,3
Female,4'10",63,28,D,31,37,0
Male,5'1",67,33,,31,32,3
Female,6'4",70,39,F,35,44,3
Female,6'3",107,38,F,45,42,4
Male,6'5",76,40,,34,40,2
Female,4'11",45,40,A,37,44,3
Female,5'6",77,47,D,40,44,3
Male,6'1",80,42,,30,29,2
Female,6'3",76,35,DD,27,36,1
Male,4'11",60,41,,29,35,2
Female,5'5",50,29,C,34,36,2
Male,6'6",100,37,,27,31,3
Male,5'10",91,30,,38,44,5
Male,6'1",74,38,,34,38,2
Male,5'4",61,36,,43,47,4
Female,5'6",82,31,C,42,50,1
Male,5'4",74,46,,45,48,1
Female,5'4",52,32,AA,38,41,3
Female,5'3",55,36,A,30,37,2
Female,6'0",88,38,C,36,36,4
Female,5'9",71,49,D,41,47,0
Female,5'10",61,38,A,40,45,2
Male,5'8",94,32,,41,44,1
Female,5'0",57,29,A,39,42,1
Female,5'3",53,45,A,28,38,3
Female,5'4",63,45,C,33,40,0
Female,6'3",94,46,DD,20,25,4
Female,4'11",62,30,A,31,31,0
Female,5'7",79,38,F,25,25,3
Female,5'0",59,28,C,31,33,4
Male,6'4",93,30,,30,40,1
Female,5'9",76,46,D,40,45,2
Male,5'9",92,34,,29,28,2
Male,6'4",73,40,,31,31,1
Male,5'4",66,49,,42,40,3
Female,5'2",47,36,A,31,43,4
Male,5'9",82,36,,29,38,2
Female,6'5",76,34,AA,32,39,2
Female,6'3",89,37,D,43,47,2
Female,5'3",54,35,E,33,47,1
Male,6'4",73,47,,31,38,2
Female,5'6",79,46,F,35,40,2
Female,5'10",95,28,E,22,30,3
Female,5'10",85,41,B,35,42,0
Male,5'8",55,32,,36,43,2
Male,6'6",79,52,,26,29,2
Male,5'7",61,51,,42,47,2
Male,5'7",81,40,,32,33,3
Male,5'4",53,37,,32,34,3
Female,5'0",51,46,B,41,45,3
Female,5'10",63,39,A,37,42,3
Male,4'10",42,30,,43,52,4
Female,6'1",101,42,F,36,48,4
Female,6'0",95,40,A,26,26,3
Male,6'0",72,50,,36,41,1
Male,6'1",69,36,,37,38,2
Male,5'6",69,51,,48,49,1
Male,5'9",58,33,,41,47,4
Male,5'4",64,32,,35,37,3
Female,5'9",73,35,E,28,34,0
Male,5'0",65,47,,35,39,2
Male,5'5",77,47,,50,50,2
Male,6'4",77,31,,48,46,1
Male,5'2",71,29,,29,40,3
Female,6'6",106,34,B,27,34,2
Female,5'2",49,40,F,22,29,1
Female,5'3",54,45,AA,28,33,5
Male,6'3",71,31,,43,43,1
Male,6'6",116,48,,41,48,4
Male,6'1",68,49,,27,30,0
Female,4'11",45,30,C,30,30,4
Female,6'6",105,42,B,37,38,3
Female,5'3",75,33,F,33,34,0
Male,5'3",47,41,,39,44,4
Female,5'8",71,48,F,24,30,4
Female,5'3",60,31,E,39,47,1
Male,5'10",76,44,,28,34,2
Male,6'2",105,34,,34,39,1
Male,4'11",60,33,,24,34,5
Female,5'4",71,32,F,28,37,1
Female,6'2",77,35,D,32,42,2
Male,5'9",86,38,,27,29,0
Male,6'1",89,35,,40,43,3
Female,5'2",71,42,D,44,48,2
Female,5'8",73,36,E,29,29,1
Female,5'5",72,42,C,26,35,3
Male,5'8",59,37,,40,40,2
Male,6'3",83,37,,39,49,0
Female,5'6",54,36,A,33,40,2
Female,4'11",42,28,C,30,32,3
Male,6'4",71,40,,33,28,2
Male,5'3",77,44,,36,42,4
Female,6'0",77,29,E,34,39,4
Male,5'0",66,31,,26,33,1
Male,5'3",72,30,,28,35,1
Female,5'7",58,33,AA,29,35,0
Male,6'5",77,42,,44,47,3
Male,4'10",46,32,,28,38,1
Male,5'3",56,31,,29,37,2
Female,5'5",54,35,A,42,49,2
Male,5'10",73,52,,31,38,5
Male,6'2",99,39,,34,42,0
Female,6'4",77,33,DD,24,29,2
Female,6'2",101,36,E,34,34,2
Female,6'6",100,35,D,28,42,2
Female,5'5",67,43,DD,34,36,1
Male,5'7",70,48,,26,29,2
Male,6'1",77,44,,43,43,4
Male,6'5",79,33,,28,39,2
Female,6'0",88,45,B,36,36,1
Male,5'2",59,33,,36,40,2
Female,5'0",45,29,AA,30,30,2
Female,6'6",99,32,B,26,36,0
Female,5'6",67,39,AA,37,46,4
Male,6'6",76,38,,35,40,2
Female,5'5",56,33,D,34,34,3
Male,4'10",52,46,,26,26,3
Female,5'3",71,39,D,23,28,1
Male,6'1",81,39,,45,43,2
Male,5'10",70,44,,40,40,0
Female,5'1",49,43,A,36,44,4
Male,5'6",55,35,,42,48,3
Male,5'11",100,38,,46,44,2
Female,5'3",70,42,D,36,43,1
Female,5'6",77,50,D,39,41,4
Male,6'4",74,51,,38,44,2
Male,5'9",56,39,,37,39,1
Female,6'6",82,27,B,24,29,2
Female,6'6",75,32,E,24,34,2
Male,4'10",50,31,,37,41,3
Male,4'11",48,30,,42,47,3
Male,5'6",73,52,,45,50,1
Female,5'9",75,28,C,37,46,5
Female,5'7",59,44,C,42,46,2
Male,5'4",73,39,,37,43,2
Male,4'10",52,47,,42,43,1
Male,6'4",79,30,,48,52,1
Male,5'2",62,42,,28,28,3
Male,6'2",96,49,,41,49,4
Female,4'11",48,30,A,22,26,4
Female,6'6",105,45,B,30,31,4
Female,5'7",73,28,A,28,38,1
Male,5'4",74,41,,33,37,5
Male,5'1",76,40,,41,43,2
Male,6'1",93,39,,44,45,2
Male,6'6",102,51,,41,47,2
Male,6'6",114,46,,43,47,3
Female,5'1",43,36,F,39,45,1
Male,5'0",62,47,,38,40,2
Male,5'4",68,43,,38,42,3
Male,6'0",97,41,,38,47,0
Male,5'6",55,35,,27,31,0
Female,6'2",81,33,D,37,48,1
Female,5'9",70,33,DD,23,23,0
Female,6'4",115,32,D,20,24,4
Male,6'1",103,45,,32,44,0
Female,5'4",59,29,B,30,34,2
Female,6'1",104,34,B,38,47,1
Male,6'5",76,42,,49,52,2
Male,4'10",59,39,,28,43,2
Male,6'6",82,50,,34,31,4
Female,6'6",102,44,B,31,30,4
Male,6'2",104,36,,33,46,4
Female,5'7",69,36,B,25,24,3
Male,5'11",75,32,,47,49,2
Male,5'1",59,36,,38,39,5
Female,5'11",86,31,B,39,42,2
Female,5'11",77,46,AA,24,33,0
Female,5'1",58,34,D,29,28,2
Male,5'8",65,36,,43,45,1
Female,5'1",72,39,E,29,30,1
Female,6'5",115,42,AA,40,46,1
Female,5'9",66,38,C,23,31,1
Female,5'1",66,46,B,31,39,4
Male,5'7",73,43,,39,45,4
Female,5'9",74,32,F,33,38,0
Male,5'5",62,44,,36,43,2
Male,5'6",56,45,,38,49,3
Male,5'3",52,32,,26,31,3
Male,5'0",50,50,,29,25,4
Female,6'4",86,41,DD,25,27,2
Male,6'1",87,39,,29,31,2
Male,5'0",66,31,,27,37,2
Male,6'6",104,45,,31,34,0
Male,5'1",66,38,,33,41,0
Male,5'1",71,41,,41,47,1
Female,5'0",46,42,DD,37,37,4
Female,6'6",111,31,DD,37,44,4
Male,6'6",94,33,,34,39,3
Male,5'2",68,45,,38,40,3
Male,5'7",70,50,,38,39,3
Female,5'11",81,46,F,35,44,1
Female,5'10",72,44,F,23,29,0
Male,5'0",54,35,,35,42,3
Male,5'0",55,39,,37,43,2
Female,6'4",76,35,F,29,44,4
Female,5'6",65,39,A,33,35,0
Male,5'4",63,47,,37,46,0
Female,6'4",83,40,DD,28,27,2
Male,5'9",79,44,,37,39,2
Male,5'9",73,31,,34,34,3
Female,4'10",63,46,A,21,22,4
Male,6'5",77,37,,24,25,3
Female,5'7",54,42,B,35,36,4
Female,6'4",82,39,DD,22,28,3
Male,6'1",85,38,,41,44,2
Male,5'5",85,50,,34,45,1
Male,5'5",67,37,,44,44,0
Female,6'4",71,31,E,33,33,1
Female,5'8",77,33,DD,37,43,2
Male,5'6",81,38,,44,50,2
Female,5'1",62,32,A,33,34,4
Male,4'11",48,31,,40,51,2
Female,4'10",46,29,C,30,35,1
Male,5'7",78,39,,49,52,5
Female,5'2",55,40,AA,32,32,4
Male,5'8",94,33,,45,42,1
Male,6'4",89,38,,50,49,3
Female,5'7",63,46,B,31,34,2
Male,5'6",72,32,,46,45,2
Female,5'3",72,38,DD,41,42,1
Male,5'0",67,41,,38,46,0
Male,5'9",58,41,,36,42,1
Male,5'3",75,29,,29,32,2
Male,5'9",58,43,,39,41,3
Male,5'0",51,31,,37,39,0
Female,6'6",101,28,AA,40,47,0
Female,6'3",104,50,E,42,44,1
Female,5'2",48,30,AA,29,30,0
Male,5'7",71,29,,46,49,1
Female,6'1",77,33,E,37,40,2
Male,6'3",68,43,,33,38,3
Female,5'7",80,29,A,29,38,2
Female,6'5",98,44,A,31,37,0
Male,5'1",47,38,,29,33,1
Female,5'8",51,42,F,42,44,3
Female,5'4",67,35,F,30,36,2
Female,6'6",92,30,A,36,42,2
Male,5'5",58,35,,38,43,4
Female,6'6",97,32,DD,39,41,1
Female,5'2",49,31,DD,23,30,1
Male,5'9",69,32,,30,30,2
Male,4'11",63,36,,45,43,3
Male,5'2",68,30,,30,43,4
Female,5'0",69,29,A,36,44,1
Female,6'2",91,41,AA,28,28,2
Female,4'10",60,29,D,32,39,1
Male,5'5",67,38,,43,49,2
Female,6'2",69,36,A,31,36,4
Female,5'11",64,32,E,33,42,0
Female,6'2",82,33,D,40,50,0
Female,5'8",86,28,F,29,38,2
Male,5'2",50,44,,38,44,4
Male,5'10",79,47,,38,48,2
Female,6'1",84,36,A,28,35,2
Male,5'1",63,51,,39,39,2
Female,5'11",102,29,AA,27,31,1
Female,6'0",74,39,E,38,45,0
Male,5'6",58,48,,39,47,3
Female,6'2",103,47,B,42,50,1
Female,4'11",65,39,DD,24,34,5
Male,6'0",89,38,,41,41,0
Female,6'1",69,38,A,40,42,2
Female,5'5",65,33,AA,23,23,0
Male,5'3",65,36,,43,53,3
Female,6'6",68,30,E,29,28,2
Male,6'4",88,47,,26,25,2
Female,6'5",86,46,C,39,39,2
Female,5'10",99,42,C,43,44,2
Male,6'2",104,36,,34,44,1
Female,5'9",74,34,DD,33,40,4
Female,5'10",72,46,A,23,23,3
Female,5'0",60,31,A,36,39,1
Male,5'10",82,31,,40,44,3
Female,4'11",58,31,A,30,32,1
Male,6'4",108,38,,34,37,4
Female,5'11",79,46,DD,26,32,1
Male,5'0",51,42,,42,50,4
Female,4'10",50,48,A,38,50,0
Female,5'3",47,42,C,29,34,4
Female,5'2",52,31,E,37,41,0
Female,5'2",58,37,A,28,38,2
Male,5'0",60,48,,39,38,3
Female,5'0",56,33,DD,28,38,4
Female,6'1",69,42,AA,35,41,1
Female,5'11",92,42,DD,24,26,4
Female,6'6",77,31,E,32,33,1
Male,5'11",76,36,,33,31,2
Female,4'11",44,42,AA,20,24,3
Male,6'5",113,33,,48,47,3
Female,5'4",69,35,DD,43,49,1
Female,5'6",73,36,E,30,37,3
Male,4'11",49,34,,40,48,4
Female,6'4",80,44,AA,30,37,4
Female,6'6",106,40,DD,34,44,2
Female,5'4",70,45,D,28,37,1
Female,4'10",60,40,E,26,36,1
Female,5'11",84,30,E,39,39,4
Female,5'6",60,36,B,20,29,2
Female,6'6",83,33,A,24,33,2
Male,5'6",83,38,,32,35,4
Male,5'11",75,31,,48,48,1
Female,5'4",71,40,D,37,43,2
Male,5'11",80,54,,45,48,2
Male,5'5",74,46,,48,48,3
Female,6'1",83,33,B,38,36,0
Female,6'0",71,32,C,35,35,2
Female,5'11",62,37,C,29,37,5
Male,5'1",65,50,,40,41,0
Female,5'9",87,32,DD,33,39,3
Female,5'4",71,34,F,27,35,2
Male,6'1",64,46,,45,47,4
Male,6'2",96,39,,37,41,2
Female,5'0",52,45,C,34,41,3
Female,5'10",94,42,C,39,44,2
Female,5'0",46,33,F,37,47,2
Male,5'0",56,48,,29,27,5
Female,6'4",75,31,F,37,42,4
Female,5'7",66,37,D,26,30,0
Female,5'7",64,33,B,22,24,2
Male,5'5",64,42,,37,45,3
Female,5'0",67,28,F,34,37,4
Female,6'2",92,32,E,39,48,1
Male,6'0",82,51,,36,44,1
Female,5'11",70,48,C,37,50,4
Female,5'5",56,40,AA,24,22,3
Male,6'3",92,36,,28,36,2
Female,5'5",79,48,DD,40,50,0
Female,6'0",77,36,F,27,35,3
Male,5'3",52,30,,36,45,2
Female,5'4",47,31,AA,38,41,3
Female,5'4",56,39,F,43,51,2
Male,5'7",78,41,,36,43,3
Male,6'0",77,49,,38,45,2
Female,6'5",91,35,B,34,42,1
Male,4'11",63,49,,45,50,2
Male,5'10",63,34,,42,47,4
Male,5'6",82,46,,26,33,1
Female,6'2",75,39,AA,37,44,1
Female,5'11",84,30,DD,33,38,4
Male,5'5",68,42,,33,40,4
Female,5'1",47,36,E,25,26,2
Male,5'8",54,37,,41,45,5
Female,5'8",51,40,F,41,42,4
Female,5'11",93,44,E,24,22,2
Female,5'7",54,35,A,32,35,1
Male,6'0",66,43,,38,42,0
Female,5'6",53,37,A,28,29,4
Male,5'8",82,42,,35,36,2
Male,4'11",51,36,,40,50,4
Female,5'6",67,33,E,37,42,4
Female,5'3",49,43,AA,38,47,0
Male,5'3",47,32,,36,41,1
Male,5'0",65,45,,35,35,1
Female,6'0",74,44,DD,36,47,5
Male,5'2",77,38,,48,53,0
Female,6'5",104,40,D,25,29,1
Female,5'9",90,38,D,23,28,1
Female,6'1",84,37,A,30,33,2
Male,4'11",62,31,,26,34,1
Male,5'7",78,48,,49,52,0
Male,5'1",60,32,,45,49,3
Male,5'5",68,41,,43,49,0
Male,6'5",77,40,,47,49,3
Male,5'5",63,40,,46,50,0
Male,5'0",70,49,,33,40,3
Male,6'1",75,48,,45,50,1
Female,5'5",70,41,E,41,46,1
Male,5'4",79,34,,42,48,4
Female,4'11",59,40,DD,25,32,4
Male,6'4",83,45,,36,45,1
Female,5'6",62,36,DD,33,38,2
Male,6'4",109,47,,30,32,3
Male,6'5",73,29,,38,37,3
Male,5'9",77,46,,32,40,2
Male,5'6",82,31,,25,32,2
Female,6'4",101,34,A,40,38,1
Male,5'0",58,49,,36,42,3
Female,6'2",96,31,E,38,50,0
Female,5'3",62,41,D,30,37,1
Female,6'6",90,42,F,25,36,1
Male,4'11",40,40,,38,38,4
Male,4'11",61,32,,27,36,1
Female,5'0",61,27,C,32,32,4
Female,6'4",103,28,DD,39,43,2
Male,5'2",59,44,,36,42,4
Female,5'11",95,40,DD,25,27,3
Male,5'5",51,35,,31,33,2
Female,6'5",82,45,A,23,26,2
Female,5'8",72,38,A,29,38,3
Male,4'10",62,43,,47,46,0
Female,5'4",61,41,AA,27,33,1
Female,6'1",65,43,AA,36,43,2
Female,5'9",76,30,F,32,35,0
Female,4'11",52,33,C,34,37,0
Female,6'6",94,35,D,27,34,0
Male,5'5",74,53,,34,47,3
Female,5'3",64,39,D,30,35,0
Male,5'9",62,48,,40,48,5
Male,6'0",100,50,,32,41,3
Female,5'5",75,41,E,44,49,1
Male,4'11",68,32,,36,41,1
Female,5'1",49,32,E,23,30,0
Male,5'0",63,31,,45,49,3
Female,5'9",82,40,E,32,38,2
Female,6'6",106,42,B,41,39,4
Male,6'6",95,48,,32,33,2
Female,5'5",77,44,F,26,33,3
Female,5'5",51,40,DD,36,45,3
Male,6'2",77,43,,35,46,1
Female,6'0",90,31,DD,28,39,3
Male,6'0",82,37,,33,41,3
Male,6'3",84,38,,41,44,1
Male,6'2",78,45,,37,46,5
Male,4'11",67,46,,38,44,2
Female,5'6",65,37,A,31,33,1
Male,5'2",62,52,,34,46,2
Female,4'11",61,29,C,33,43,2
Male,6'3",81,44,,43,50,3
Male,6'0",75,45,,38,41,2
Female,4'10",48,29,AA,33,46,3
Male,6'4",91,43,,46,44,4
Female,6'2",100,36,DD,39,40,4
Female,5'10",86,36,DD,21,23,2
Female,4'11",57,45,B,38,45,1
Male,5'10",82,35,,38,41,3
Male,5'7",70,51,,31,37,3
Female,5'10",74,27,D,38,41,2
Female,5'0",58,43,DD,28,28,5
Male,6'2",105,40,,32,38,0
Female,5'5",77,39,C,25,35,2
Male,5'8",69,40,,24,40,4
Female,6'0",69,34,C,40,41,2
Male,5'6",76,46,,35,40,4
Female,5'11",98,29,AA,25,34,0
Female,5'0",50,41,DD,26,25,2
Female,5'8",73,29,D,35,37,1
Female,5'0",47,27,AA,31,31,0
Male,5'1",69,45,,37,43,3
Male,6'5",98,50,,34,39,4
Female,6'5",76,38,B,37,46,0
Male,5'0",60,41,,39,42,2
Male,6'0",87,31,,32,35,2
Female,5'5",75,43,D,29,32,0
Male,5'5",65,49,,26,35,2
Male,5'9",90,51,,45,45,4
Female,5'9",68,36,C,20,30,2
Male,5'3",74,45,,39,44,3
Female,5'5",52,41,DD,34,45,3
Male,5'6",69,43,,42,48,2
Female,5'7",56,34,AA,31,38,1
Female,5'2",51,40,D,27,30,3
Female,6'6",80,46,C,24,29,3
Female,5'0",66,30,C,41,49,4
Female,6'2",99,36,E,34,36,1
Female,5'4",77,36,D,38,45,1
Female,5'4",49,31,F,26,30,1
Female,5'11",55,45,C,32,31,4
Female,6'6",104,40,DD,34,44,0
Male,6'0",92,35,,39,48,3
Female,6'1",77,47,E,21,27,3
Female,5'8",75,33,DD,34,41,2
Female,5'11",90,32,E,34,43,2
Female,6'1",73,37,A,39,42,2
Female,5'1",61,45,B,30,36,4
Male,6'3",67,50,,41,50,2
Female,6'6",82,33,A,24,32,1
Female,5'3",65,36,D,34,35,3
Female,6'4",76,36,DD,40,50,1
Female,5'0",59,44,F,39,47,2
Female,4'10",54,46,A,39,49,1
Female,4'10",45,28,B,28,33,1
Male,4'10",55,42,,45,47,1
Male,6'1",98,44,,33,43,2
Male,6'5",106,44,,32,33,2
Male,6'5",86,54,,25,37,1
Female,5'3",50,42,C,26,36,1
Female,5'1",69,37,E,37,40,3
Female,6'0",67,50,AA,31,36,2
Male,6'5",95,43,,36,41,1
Female,4'11",60,34,E,29,28,2
Male,5'4",64,33,,32,38,2
Female,5'9",88,41,B,37,42,2
Male,6'4",104,37,,36,40,3
Male,5'10",75,47,,43,47,0
Female,6'6",87,29,B,24,26,4
Female,5'10",61,29,AA,22,24,3
Male,5'9",85,50,,28,35,0
Male,5'2",55,44,,44,48,3
Male,6'5",107,48,,34,37,2
Male,5'10",59,44,,38,46,0
Male,5'4",66,50,,42,42,2
Female,5'6",56,28,B,23,28,2
Male,6'4",94,44,,39,48,5
Male,5'3",71,42,,44,51,1
Male,5'8",73,40,,39,44,3
Female,5'8",67,31,DD,25,35,2
Female,5'2",62,31,B,28,30,4
Female,5'4",68,36,DD,37,50,2
Male,6'1",108,45,,32,45,2
Male,5'2",70,50,,39,44,3
Female,5'7",66,33,F,37,47,2
Female,4'11",55,32,C,34,40,0
Female,5'0",50,35,A,25,27,4
Female,6'4",66,32,AA,34,40,3
Male,5'2",69,48,,40,41,3
Female,5'2",50,29,B,33,33,2
Male,5'7",73,45,,31,26,0
Male,4'10",59,47,,36,43,2
Female,5'5",58,44,A,34,34,3
Female,6'1",90,36,AA,29,40,0
Male,4'11",56,46,,27,30,3
Female,5'3",69,39,DD,40,44,0
Female,5'6",66,35,A,33,35,2
Male,5'5",79,38,,29,32,2
Female,5'9",70,42,E,35,44,4
Female,5'2",50,26,D,25,31,0
Male,5'1",57,32,,29,35,4
Male,5'0",49,34,,41,45,0
Female,5'4",69,38,A,36,37,1
Female,6'0",77,46,AA,38,43,2
Female,5'7",63,44,B,30,33,2
Male,5'10",59,40,,33,42,4
Male,5'4",76,31,,48,50,1
Female,6'3",99,35,B,23,33,1
Male,6'4",82,45,,39,47,0
Female,5'5",55,34,A,39,47,3
Female,5'2",64,28,B,27,26,3
Male,5'9",52,39,,31,30,3
Female,6'4",75,38,F,29,45,4
Male,5'10",95,30,,44,49,4
Male,5'0",66,41,,33,32,1
Male,5'11",61,39,,36,41,4
Female,5'0",54,27,C,30,33,4
Female,5'8",65,46,A,37,45,0
Male,5'0",44,42,,28,35,4
Female,5'2",57,40,F,29,33,4
Female,5'3",59,33,D,31,36,4
Male,5'5",74,38,,27,35,2
Male,5'0",56,41,,26,26,2
Male,5'11",79,37,,30,33,1
Female,5'5",81,48,DD,42,50,2
Female,4'10",53,45,A,38,50,0
Female,5'7",65,33,B,21,23,1
Male,6'0",75,42,,32,38,5
Male,5'8",55,42,,27,27,1
Female,5'2",63,39,C,30,29,3
Male,5'0",53,30,,37,45,4
Male,6'1",93,35,,41,41,4
Female,5'3",71,35,D,38,49,1
Female,5'3",54,45,A,29,37,4
Male,4'10",47,28,,39,47,5
Male,6'0",69,53,,43,49,1
Female,6'4",78,42,D,41,47,4
Male,5'6",80,35,,42,47,2
Male,5'4",58,45,,30,34,4
Male,6'1",90,44,,33,37,0
Female,5'10",86,43,E,25,27,1
Female,5'6",81,27,A,29,39,3
Female,6'6",86,33,A,25,33,2
Female,6'6",110,45,B,32,30,3
Male,4'10",58,47,,32,40,2
Female,5'10",95,39,B,35,43,4
Female,6'2",96,36,DD,38,43,4
Male,5'4",51,38,,35,37,4
Female,6'1",74,27,AA,38,50,3
Female,5'9",69,33,D,34,40,4
Female,5'8",58,41,F,23,25,1
Female,6'1",63,35,F,23,29,4
Female,5'4",64,47,C,32,42,1
Male,6'3",103,36,,51,50,1
Female,5'6",74,48,D,45,45,4
Male,6'1",81,43,,40,40,3
Male,5'3",69,38,,31,31,0
Female,5'8",78,36,DD,40,44,2
Male,5'8",75,34,,35,41,3
Female,4'11",61,38,C,34,38,2
Female,5'2",47,38,C,38,38,2
Female,5'9",81,34,A,26,32,4
Male,5'9",86,46,,44,46,0
Male,6'1",79,34,,29,34,2
Male,4'11",50,28,,42,44,2
Male,4'10",47,46,,27,24,4
Male,5'5",66,34,,48,50,2
Male,5'2",62,51,,34,42,0
Female,6'1",102,33,B,35,44,2
Male,4'11",52,32,,38,42,1
Male,5'11",74,43,,48,52,4
Female,4'11",59,35,AA,31,41,0
Female,5'0",55,42,B,34,33,2
Male,5'11",67,33,,32,35,2
Female,6'5",86,36,B,35,40,1
Female,5'9",93,38,B,37,42,1
Male,5'4",84,49,,37,40,4
Female,5'2",50,38,A,32,38,4
Female,5'9",71,33,E,27,33,1
Female,6'3",103,35,C,31,31,1
Female,5'8",75,40,A,30,41,3
Female,5'3",60,39,D,32,40,2
Male,5'3",50,47,,42,48,3
Male,6'1",65,46,,41,41,4
Male,5'3",74,32,,32,45,2
Male,4'11",64,47,,39,45,2
Female,4'11",51,35,F,26,34,4
Male,5'11",64,49,,40,47,4
Female,4'10",52,29,AA,37,47,5
Female,6'5",92,36,A,23,32,1
Male,4'11",67,52,,26,29,2
Female,5'2",60,45,A,26,29,1
Female,6'6",108,42,B,39,40,3
Female,5'2",51,26,B,31,31,3
Male,5'1",41,37,,34,36,2
Female,6'1",78,35,E,34,39,2
Male,5'7",61,41,,46,45,2
Female,6'2",78,33,DD,22,22,3
Female,5'10",87,38,DD,33,31,3
Male,5'3",54,30,,38,40,1
Male,6'3",80,43,,24,37,1
Male,6'0",79,51,,35,42,2
Male,4'11",53,31,,40,44,0
Female,6'5",72,41,B,40,46,1
Male,5'1",69,51,,36,39,4
Male,4'11",54,36,,39,40,4
Female,5'11",72,47,F,28,35,1
Male,4'11",42,37,,32,45,0
Male,5'10",95,28,,46,51,3
Female,6'5",108,40,E,30,25,2
Male,5'6",75,43,,34,40,2
Male,5'1",62,31,,43,49,3
Male,4'11",65,54,,23,32,2
Male,5'6",60,48,,46,45,4
Male,5'2",50,42,,40,51,2
Female,6'4",104,35,A,41,37,0
Female,6'0",77,44,F,21,31,1
Female,6'2",73,35,DD,24,23,2
Female,6'4",95,31,AA,31,40,2
Female,5'5",74,46,C,39,46,5
Female,5'11",64,38,F,29,33,2
Male,5'0",62,33,,29,35,2
Male,5'5",61,30,,45,48,0
Female,6'5",90,36,A,25,32,0
Male,5'4",75,32,,41,49,3
Female,5'10",94,39,D,33,37,3
Female,5'2",48,32,E,34,39,0
Female,6'4",96,30,AA,33,42,1
Female,5'11",93,46,E,27,21,3
Female,6'0",79,46,AA,39,45,3
Female,5'0",51,31,F,20,24,1
Female,5'6",80,34,F,33,35,3
Female,5'5",76,45,C,41,44,4
Male,4'11",64,53,,24,27,3
Female,5'2",57,29,B,23,27,3
Female,5'6",67,33,E,40,40,4
Male,6'4",75,39,,45,49,4
Male,6'6",79,38,,33,36,0
Male,5'8",71,34,,39,35,5
Male,6'2",75,44,,38,45,4
Male,6'4",94,45,,40,50,3
Male,5'6",85,38,,30,38,5
Male,6'6",100,49,,34,37,2
Female,5'4",60,36,DD,38,51,2
Male,6'5",101,31,,38,48,2
Male,6'1",70,46,,40,44,3
Female,5'5",50,28,C,33,37,1
Female,6'5",92,36,F,40,39,1
Female,5'6",54,33,A,25,34,4
Female,5'3",42,41,C,28,31,4
Female,6'3",79,32,A,28,32,2
Female,5'3",69,38,DD,34,35,2
Male,5'6",85,32,,27,33,2
Female,5'0",57,43,DD,26,30,4
Female,6'4",76,40,B,44,45,0
Male,4'10",58,32,,45,45,1
Male,4'10",57,45,,34,37,2
Male,6'1",77,40,,45,46,2
Male,5'11",74,48,,37,37,2
Female,6'3",111,40,F,41,41,5
Female,6'6",117,30,D,36,42,4
Female,5'0",52,28,F,23,22,1
Male,6'6",117,49,,40,45,4
Female,5'8",91,26,F,28,38,2
Male,5'9",57,35,,29,35,2
Female,6'1",80,32,B,39,39,1
Male,5'10",80,44,,37,42,0
Female,5'8",74,46,F,27,28,3
Male,5'5",79,52,,36,44,2
Male,6'3",81,39,,42,46,1
Female,5'9",71,47,D,41,45,0
Male,5'6",66,48,,45,44,3
Male,6'2",85,39,,47,49,3
Female,5'3",68,44,B,22,24,1
Male,4'10",53,34,,41,48,2
Female,5'0",46,29,AA,30,33,0
Female,5'0",54,33,C,23,23,3
Female,6'4",79,38,B,24,30,3
Female,6'5",94,37,D,32,35,1
Male,6'5",89,32,,35,39,3
Male,6'4",81,44,,33,46,1
Male,5'11",93,40,,39,49,2
Male,5'6",71,37,,45,52,1
Male,5'11",70,46,,33,39,3
Male,6'2",83,50,,46,46,4
Male,5'4",59,44,,41,41,1
Female,6'2",84,38,A,22,27,2
Female,5'5",68,38,C,41,42,0
Male,4'11",50,45,,40,47,3
Male,5'5",63,39,,45,46,2
Male,5'11",70,39,,28,41,1
Female,6'1",77,29,E,37,46,1
Female,5'0",42,42,F,32,37,0
Female,6'1",81,48,AA,34,39,3
Male,6'4",71,39,,29,39,2
Female,5'10",83,38,E,22,31,3
Male,6'6",102,49,,32,28,2
Female,6'1",104,27,E,45,49,2
Male,6'6",99,34,,34,42,3
Male,5'8",68,45,,41,41,4
Male,5'9",57,41,,29,30,2
Male,5'10",78,33,,40,42,4
Female,6'4",106,28,DD,41,45,0
Female,6'0",78,29,D,40,42,4
Female,5'1",45,34,E,25,29,1
Male,5'9",69,39,,42,42,2
Male,4'11",48,37,,38,34,2
Male,5'11",80,35,,29,35,1
Female,5'6",73,45,AA,33,45,1
Female,5'11",95,31,AA,28,36,1
Female,5'1",53,31,AA,35,36,4
Female,6'6",73,33,E,36,37,2
Female,5'1",56,32,D,34,34,2
Male,5'9",72,34,,36,32,3
Male,5'0",61,47,,37,38,3
Male,5'8",73,35,,33,40,5
Male,5'3",81,47,,43,41,3
Male,4'10",48,32,,37,44,4
Female,5'3",47,42,E,32,38,2
Male,5'4",63,46,,28,31,3
Male,6'0",63,30,,44,48,3
Male,5'9",64,43,,25,27,4
Male,5'2",64,44,,37,39,3
Male,5'1",45,31,,41,48,1
Male,6'1",85,46,,36,36,2
Male,5'1",58,34,,42,44,4
Female,6'4",82,39,DD,27,26,1
Female,5'3",65,41,D,35,41,2
Female,5'9",85,33,A,24,30,4
Female,5'1",68,37,DD,38,48,2
Male,5'6",55,46,,41,46,4
Male,6'1",84,35,,31,34,2
Female,5'9",67,46,D,25,37,2
Male,6'5",80,41,,32,41,1
Male,6'4",85,45,,46,47,4
Male,4'10",63,49,,34,44,3
Male,6'3",106,38,,48,49,1
Female,6'0",83,44,DD,35,46,4
Female,4'11",56,33,A,24,27,1
Male,5'9",72,32,,34,35,2
Male,5'2",66,43,,42,53,0
Female,6'4",76,30,F,35,39,3
Male,5'2",57,42,,30,30,0
Female,5'4",69,41,E,35,37,4
Female,5'6",72,28,F,36,42,1
Female,5'8",56,40,F,40,44,3
Female,4'10",49,28,AA,33,45,3
Female,6'4",112,33,D,22,22,3
Male,5'3",77,33,,42,43,2
Male,6'4",106,38,,32,34,3
Female,5'6",78,29,A,31,41,4
Female,5'6",61,36,A,33,33,3
Male,6'4",97,43,,38,49,4
Female,6'4",105,36,A,41,37,0
Male,6'6",108,31,,45,47,4
Female,6'0",94,47,B,34,36,0
Male,5'9",91,52,,40,43,2
Female,5'0",69,28,A,41,49,0
Female,5'2",56,32,C,35,47,5
Male,5'7",84,52,,47,50,1
Female,5'1",63,38,A,33,45,5
Female,6'6",119,30,DD,35,45,4
Male,5'4",73,30,,41,49,2
Male,4'11",55,37,,30,44,2
Female,5'6",73,47,C,36,38,4
Female,6'2",108,35,DD,35,44,2
Male,5'5",80,41,,37,44,3
Male,5'7",62,37,,28,37,2
Female,6'2",74,40,AA,27,28,1
Female,5'5",80,42,F,25,32,4
Female,5'2",45,35,A,32,40,4
Female,5'5",69,37,DD,35,41,4
Female,6'4",104,27,B,32,37,3
Female,5'9",86,33,DD,32,40,4
Male,4'10",51,47,,41,40,2
Male,6'6",100,46,,31,30,2
Female,4'10",50,28,AA,35,45,4
Male,5'3",48,32,,29,36,3
Male,4'10",54,36,,30,39,4
Male,5'6",78,35,,23,27,0
Male,6'6",111,41,,46,48,4
Female,5'7",57,36,DD,35,38,1
Male,4'10",59,33,,43,44,1
Female,6'6",108,43,B,36,41,3
Male,5'0",46,41,,28,38,3
Female,6'1",107,31,B,33,42,1
Male,5'3",56,29,,36,46,1
Male,5'6",62,45,,50,45,4
Female,5'9",89,40,B,39,39,0
Female,5'6",49,37,A,27,30,5
Female,6'4",85,43,B,40,48,2
Female,5'6",71,50,D,42,44,5
Male,5'9",89,46,,33,42,4
Female,5'2",47,29,D,21,28,1
Female,6'5",86,37,B,32,39,0
Male,5'10",87,33,,39,46,5
Female,5'2",47,40,C,36,36,1
Male,5'11",77,33,,47,43,2
Male,6'0",67,44,,39,45,2
Female,5'11",76,36,AA,32,36,2
Female,5'6",75,26,DD,41,49,0
Female,5'11",80,46,DD,36,46,3
Male,4'10",61,35,,48,50,5
Female,5'4",79,35,AA,42,46,3
Female,6'2",94,39,E,41,43,4
Male,5'9",87,52,,40,45,0
Male,5'1",44,38,,32,35,1
Male,4'11",44,38,,34,40,4
Male,5'8",76,29,,42,50,3
Female,5'9",75,43,B,28,33,0
Female,5'6",61,34,A,34,44,2
Male,4'11",46,45,,42,47,2
Female,5'11",86,31,DD,35,40,4
Male,5'0",51,36,,39,45,0
Male,5'2",66,32,,28,32,5
Male,6'5",79,32,,43,47,0
Male,5'11",91,52,,37,36,5
Female,5'5",64,30,E,34,37,2
Female,5'0",59,30,A,39,40,0
Male,5'3",80,46,,38,44,1
Male,4'11",60,40,,26,29,4
Female,5'3",70,34,D,41,47,3
Female,6'0",73,34,F,31,35,0
Male,5'0",70,43,,32,35,2
Female,5'4",72,39,E,32,39,3
Female,6'4",72,29,AA,34,41,2
Male,5'5",69,40,,43,48,1
Male,5'9",71,35,,40,45,0
Female,5'6",70,34,DD,36,44,0
Male,6'2",94,40,,31,39,0
Male,6'3",80,41,,39,43,0
Female,5'0",58,34,DD,27,37,5
Female,5'11",65,49,DD,33,33,1
Male,5'2",64,51,,28,33,0
Male,5'9",84,48,,44,47,0
Female,5'5",65,42,E,42,48,2
Female,6'4",87,48,B,35,37,0
Male,4'11",42,43,,26,31,0
Male,6'2",100,30,,27,27,4
Male,5'5",54,33,,41,41,3
Female,6'2",97,38,DD,38,38,5
Female,5'2",52,32,C,36,46,4
Female,5'9",91,42,E,34,36,3
Female,6'2",78,40,AA,30,25,2
Male,5'3",53,47,,24,29,2
Female,5'11",60,42,E,28,34,3
Male,6'2",88,51,,45,44,3
Female,5'2",50,28,D,24,30,0
Female,5'0",63,32,C,43,51,5
Female,6'1",73,36,AA,41,42,4
Male,5'11",82,34,,44,45,0
Male,5'7",77,40,,48,52,5
Female,6'6",91,39,DD,25,33,1
Male,5'9",57,32,,35,33,0
Male,5'8",76,35,,38,44,3
Male,6'5",106,38,,31,42,3
Male,4'11",68,31,,39,41,1
Male,4'10",53,42,,41,46,3
Female,5'1",71,30,DD,39,49,1
Male,5'10",93,34,,45,49,1
Female,4'10",63,38,DD,39,48,1
Female,6'2",77,31,D,39,52,2
Male,6'6",83,47,,32,46,0
Female,4'11",50,36,C,34,41,0
Male,5'10",60,42,,35,44,4
Female,6'0",62,37,AA,29,34,1
Female,6'1",68,28,E,37,44,2
Female,5'7",55,44,C,24,24,2
Female,5'9",72,42,E,43,52,4
Male,5'4",79,46,,48,49,2
Female,5'6",55,41,D,29,35,3
Female,6'6",118,39,A,36,39,2
Male,6'2",73,43,,37,44,2
Female,5'11",59,43,E,31,33,2
Male,5'1",56,34,,39,39,2
Female,5'9",86,42,E,28,30,3
Female,5'8",79,35,DD,37,46,1
Male,6'6",80,37,,32,34,1
Male,5'11",100,32,,29,30,3
Male,6'0",73,32,,35,45,2
Female,5'9",62,47,D,27,37,1
Male,4'11",62,40,,42,50,2
Male,6'6",99,34,,26,28,4
Female,6'3",90,36,D,40,44,0
Male,5'11",79,49,,33,37,4
Female,5'0",65,42,B,28,38,1
Male,6'5",72,32,,41,42,2
Male,6'3",96,52,,42,46,2
Female,5'6",80,29,A,33,42,4
Female,5'1",71,35,B,23,24,0
Male,5'0",45,28,,34,41,3
Female,5'7",61,45,C,41,48,1
Female,6'0",91,39,C,35,39,5
Male,5'10",78,44,,27,32,3
Male,5'4",70,43,,41,44,3
Female,5'3",49,42,AA,37,47,1
Female,5'10",75,42,B,27,36,4
Female,5'1",56,46,E,19,26,2
Male,5'8",83,43,,33,38,2
Female,6'2",101,43,D,29,33,1
Male,5'0",63,42,,47,48,2
Female,6'4",102,33,A,39,37,2
Male,6'0",95,39,,26,36,1
Male,5'1",71,39,,42,46,1
Male,6'4",93,31,,27,41,2
Male,5'7",74,42,,48,49,2
Female,5'4",75,38,D,38,45,0
Female,6'1",76,48,E,22,26,4
Female,6'5",91,36,F,41,38,0
Male,5'9",82,44,,47,45,0
Female,5'7",60,45,A,35,38,4
Female,4'10",41,36,F,33,37,3
Male,6'2",104,30,,46,47,4
Female,4'10",45,34,B,28,32,0
Male,4'11",54,30,,28,35,4
Male,4'11",57,39,,31,32,3
Male,5'9",76,33,,32,40,1
Male,5'0",48,37,,42,48,0
Male,6'1",64,41,,30,38,1
Male,6'3",76,42,,27,36,1
Female,5'10",62,30,B,22,24,4
Female,6'6",88,42,F,26,37,1
Male,4'11",46,35,,30,46,2
Female,5'0",66,27,DD,36,38,2
Female,5'10",97,41,D,31,35,2
Female,6'2",101,42,D,29,33,1
Female,6'2",89,38,E,42,41,4
Female,5'10",78,36,F,24,33,4
Male,5'4",54,39,,35,42,3
Female,5'6",73,45,C,37,38,5
Male,4'11",68,52,,28,26,3
Male,5'2",64,52,,33,45,2
Female,5'3",65,43,D,40,49,2
Male,5'1",69,50,,28,37,4
Male,6'5",78,43,,41,47,0
Female,6'0",97,38,A,27,25,4
Female,6'2",66,28,AA,36,39,0
Male,5'6",57,33,,29,30,3
Female,6'1",76,41,F,41,39,1
Female,5'3",72,36,D,44,44,2
Female,5'9",74,34,D,36,41,4
Female,5'2",66,40,C,27,28,1
Female,5'2",57,36,E,25,33,2
Male,5'3",75,46,,32,39,3
Male,6'6",83,43,,40,47,5
Female,5'3",69,34,D,37,49,1
Male,5'0",65,37,,33,37,4
Female,5'3",59,31,E,39,46,1
Male,5'6",76,45,,32,41,4
Female,5'11",71,30,AA,27,37,4
Female,5'11",84,32,B,41,43,0
Female,5'4",68,36,DD,37,51,0
Male,6'1",72,39,,48,42,1
Male,5'0",67,46,,43,43,1
Male,6'1",79,35,,32,33,3
Male,6'2",73,45,,38,47,5
Female,5'0",44,36,C,34,44,3
Female,5'1",72,36,B,23,24,0
Female,6'1",67,36,A,42,42,1
Female,6'1",78,31,B,41,35,0
Female,5'9",78,44,A,40,43,5
Male,6'3",101,40,,51,49,0
Female,5'5",46,28,D,24,27,4
Male,6'4",99,47,,43,48,3
Female,6'0",80,42,AA,29,38,3
Female,6'6",106,40,B,38,42,2
Female,4'10",49,41,B,26,28,0
Male,4'11",52,39,,26,29,4
Male,5'5",81,50,,37,45,2
Male,6'0",75,46,,36,41,3
Female,5'9",75,34,D,35,44,2
Female,5'4",56,35,F,22,32,2
Male,6'1",108,44,,35,39,0
Female,5'0",64,44,B,26,40,2
Male,5'8",94,36,,41,40,1
Male,6'6",113,40,,41,42,5
Female,5'4",67,45,C,30,45,1
Male,5'1",58,29,,28,32,3
Male,6'3",76,32,,40,40,0
Female,6'1",87,32,B,36,37,2
Female,4'11",45,33,AA,25,29,4
Male,6'3",99,48,,43,48,2
Female,6'5",111,41,E,27,27,1
Male,5'0",62,43,,46,49,4
Male,5'10",88,33,,43,49,2
Male,6'2",94,40,,35,42,0
Male,6'1",103,46,,32,42,1
Female,6'0",62,38,A,39,45,2
Female,4'11",47,29,A,25,26,5
Male,5'10",89,38,,36,47,3
Male,5'9",62,39,,37,40,0
Male,6'4",92,30,,39,49,0
Female,5'3",44,42,AA,35,44,0
Female,5'6",58,34,A,32,42,0
Male,5'2",71,49,,31,33,2
Male,6'1",75,45,,44,47,1
Male,6'1",99,50,,42,42,3
Female,6'3",99,42,E,38,44,1
Male,4'10",60,44,,36,36,2
Female,6'4",107,29,B,32,38,4
Male,6'2",94,40,,40,45,1
Female,5'3",66,45,B,22,22,0
Female,6'1",76,46,AA,38,42,3
Female,5'0",49,39,B,29,32,1
Male,6'0",71,33,,36,46,1
Female,6'2",99,45,B,40,50,2
Female,6'1",103,32,F,42,42,0
Female,6'0",66,46,AA,27,34,1
Male,6'4",68,40,,33,31,1
Male,5'8",57,37,,34,40,3
Female,6'4",96,30,D,27,33,0
Female,5'8",75,49,F,26,27,4
Male,5'9",58,33,,39,50,3
Female,5'7",68,32,F,40,45,2
Female,5'7",58,36,DD,39,40,1
Female,5'4",80,37,D,37,44,2
Male,5'9",63,52,,40,49,4
Female,5'5",71,45,C,39,41,5
Female,6'6",76,31,E,23,36,3
Male,5'11",76,31,,48,46,3
Female,5'8",58,33,DD,38,41,2
Female,6'2",96,34,E,22,29,2
Male,5'2",65,48,,36,40,2
Male,6'5",74,39,,39,43,2
Male,5'1",65,46,,44,49,4
Female,6'6",94,28,E,38,41,2
Female,4'11",46,28,A,24,23,3
Female,5'1",55,28,B,31,40,3
Female,5'5",64,31,A,29,29,2
Male,5'2",67,36,,35,36,5
Male,4'11",60,31,,23,33,3
Male,5'7",70,52,,46,50,0
Female,5'5",67,30,E,30,41,1
Female,6'2",92,42,AA,27,31,1
Male,5'10",70,46,,40,48,1
Female,4'11",63,43,DD,24,34,4
Male,5'7",63,42,,41,41,2
Male,6'2",99,32,,29,24,4
Female,6'4",98,45,C,32,40,2
Male,5'1",61,38,,34,42,0
Female,5'3",71,34,D,42,46,0
Male,6'5",99,30,,35,45,2
Male,4'11",48,44,,38,48,1
Female,5'6",56,32,DD,29,37,0
Female,4'10",42,37,F,31,38,4
Male,6'0",87,35,,32,42,2
Male,5'2",52,44,,29,30,1
Female,5'0",56,37,C,22,28,3
Female,6'2",78,33,DD,22,23,4
Female,5'0",55,42,B,34,32,1
Female,4'10",50,30,D,25,30,1
Male,5'1",68,42,,36,46,3
Female,5'9",74,47,DD,23,29,2
Female,6'3",102,28,F,34,41,1
Male,6'5",83,39,,27,23,3
Male,5'9",58,38,,42,44,4
Female,5'7",69,30,A,42,42,2
Male,4'11",50,47,,31,31,3
Male,5'10",83,44,,40,41,0
Female,5'7",79,30,A,29,34,2
Male,5'10",81,37,,30,34,1
Female,6'5",87,44,C,36,37,3
Male,6'6",118,50,,27,33,2
Female,5'9",69,44,E,38,45,4
Female,5'10",60,31,AA,26,24,1
Female,5'3",66,41,DD,38,41,0
Male,5'2",64,33,,34,40,4
Male,6'2",101,36,,37,47,2
Female,5'9",86,37,C,22,30,3
Female,5'9",76,29,C,39,47,4
Male,6'0",86,37,,33,43,3
Female,6'6",91,38,DD,27,32,1
Male,6'3",93,37,,25,29,4
Male,5'5",49,37,,35,30,0
Male,6'4",71,30,,32,37,0
Female,6'1",72,31,F,28,38,4
Male,6'1",77,45,,42,37,4
Female,5'1",72,31,DD,36,52,1
Male,5'7",56,33,,31,34,2
Female,4'11",48,34,D,34,43,0
Male,5'4",65,49,,37,38,2
Male,5'10",61,34,,42,50,4
Female,5'6",60,34,A,35,33,1
Female,5'11",81,34,B,40,41,1
Female,5'10",66,39,A,40,42,3
Male,5'11",80,47,,34,37,4
Male,5'9",65,39,,42,42,1
Female,5'0",70,31,A,38,46,2
Male,6'6",98,50,,40,45,3
Male,6'4",64,40,,35,41,3
Male,6'0",81,35,,35,35,2
Male,5'5",60,38,,47,47,2
Male,6'6",101,35,,29,34,4
Male,5'10",77,37,,30,34,2
Female,5'0",48,36,DD,22,29,1
Female,6'2",98,44,D,27,35,1
Male,6'6",106,46,,31,37,1
Male,5'9",86,40,,36,44,4
Male,6'2",109,47,,38,38,3
Male,5'0",58,39,,25,28,3
Male,5'5",59,44,,38,42,2
Male,5'4",54,36,,31,37,4
Female,5'6",61,37,B,25,27,3
Female,5'3",49,43,C,36,37,3
Male,4'10",54,37,,37,46,1
Female,5'11",88,44,DD,25,26,5
Female,5'7",77,31,C,42,46,2
Male,5'6",56,42,,29,32,2
Female,6'0",81,31,E,33,42,4
Female,6'6",77,44,C,26,32,2
Male,6'5",75,39,,29,23,3
Male,5'7",71,47,,28,29,1
Female,6'4",103,41,AA,29,39,1
Female,6'5",91,35,D,30,34,0
Male,6'4",112,38,,26,28,1
Female,5'3",62,45,B,23,21,1
Male,5'6",58,38,,42,49,5
Female,4'10",58,46,A,37,51,0
Female,5'0",70,41,A,23,23,1
Male,5'3",65,45,,30,38,0
Female,5'1",44,35,E,26,26,0
Male,5'0",60,40,,27,29,1
Male,5'9",62,32,,41,50,4
Male,5'10",79,36,,31,34,2
Female,6'2",103,34,DD,32,40,2
Male,5'9",66,37,,40,43,1
Male,5'10",54,37,,38,39,0
Female,5'7",53,40,B,34,34,3
Female,4'10",61,39,D,31,38,3
Female,5'6",69,28,F,34,45,1
Male,5'11",87,33,,27,32,1
Male,6'6",117,50,,29,30,1
Male,5'5",84,29,,39,42,0
Male,5'7",74,40,,46,49,4
Male,5'4",73,41,,34,43,0
Male,5'1",72,40,,39,47,4
Male,5'2",68,31,,32,41,4
Male,6'0",96,32,,37,39,2
Male,6'6",84,32,,34,42,0
Male,5'3",68,36,,44,53,1
Male,6'6",109,33,,44,49,5
Female,5'6",79,34,C,25,28,1
Male,5'9",89,31,,41,50,2
Female,6'6",90,41,F,26,33,1
Male,6'0",71,44,,37,42,1
Female,5'7",62,36,E,39,42,1
Female,5'10",87,41,B,34,39,1
Male,6'0",83,32,,28,35,2
Male,5'8",84,42,,31,36,2
Female,5'9",92,41,B,37,41,1
Female,6'4",80,36,B,22,29,3
Female,4'10",59,31,D,41,41,2
Female,5'11",84,34,B,41,43,0
Male,4'11",65,50,,42,47,2
Male,5'1",65,45,,43,49,4
Female,6'4",90,31,AA,31,41,2
Male,5'9",84,31,,43,48,1
Male,5'5",66,30,,30,39,1
Female,6'1",97,38,F,35,42,2
Female,4'11",61,29,F,27,33,2
Male,4'11",55,32,,27,37,0
Male,4'11",58,31,,34,36,1
Male,5'1",53,30,,31,34,5
Male,5'11",91,38,,39,50,1
Male,5'6",78,46,,29,39,0
Male,5'6",81,46,,29,33,1
Female,5'8",60,38,AA,24,26,1
Female,6'5",71,44,AA,31,42,1
Female,6'3",86,31,A,24,27,2
Male,6'4",69,39,,32,40,2
Male,6'1",64,51,,26,28,1
Female,6'2",100,37,E,35,31,1
Male,6'1",86,41,,43,48,0
Male,6'6",110,42,,49,49,4
Male,6'5",80,32,,40,50,0
Female,5'4",54,29,B,29,32,3
Female,5'4",84,34,AA,39,47,2
Female,5'8",66,32,D,23,27,0
Male,5'1",70,52,,30,39,1
Female,6'0",59,36,AA,27,36,0
Female,6'3",101,34,C,26,24,3
Male,5'9",78,40,,33,43,3
Female,5'7",80,38,F,23,23,4
Female,5'6",64,30,D,35,35,4
Male,4'11",47,36,,30,43,1
Male,6'5",102,44,,32,34,0
Female,6'4",72,29,F,37,40,3
Female,5'1",65,48,B,32,39,3
Female,5'0",43,38,C,34,44,3
Female,5'4",66,46,DD,33,43,2
Female,5'11",94,43,DD,22,29,5
Male,6'2",105,35,,32,44,3
Female,6'3",84,31,A,25,30,2
Male,5'4",79,51,,34,42,3
Male,5'9",55,44,,37,40,2
Female,5'9",92,40,B,39,37,2
Female,5'4",54,42,C,34,41,1
Female,5'5",78,46,AA,29,39,4
Female,6'5",72,41,AA,32,44,3
Male,4'11",54,41,,30,34,3
Female,5'10",79,38,F,25,33,4
Male,6'3",84,35,,30,38,2
Female,4'11",66,40,B,24,27,4
Male,5'0",60,51,,40,43,2
Female,5'10",94,32,A,42,46,1
Male,6'4",72,48,,30,39,2
Male,5'7",65,35,,39,46,3
Female,5'10",90,43,B,33,45,0
Female,5'4",74,29,A,43,44,3
Male,4'10",43,38,,44,44,0
Male,4'11",48,29,,41,52,0
Male,5'10",58,37,,40,43,2
Male,5'5",81,49,,34,48,2
Female,5'6",82,33,F,32,33,3
Male,5'11",78,31,,32,38,3
Female,6'5",117,42,AA,38,46,1
Female,6'0",69,29,C,30,36,2
Male,4'10",53,32,,39,42,4
Male,6'4",116,37,,29,28,2
Female,5'8",86,32,A,37,37,2
Female,5'5",63,44,DD,32,36,2
Male,5'2",45,46,,38,45,5
Female,6'1",83,36,AA,34,36,2
Male,5'0",50,30,,37,44,2
Male,6'6",82,50,,31,34,4
Male,4'11",53,31,,41,49,0
Female,6'1",76,28,AA,41,51,3
Female,4'11",61,29,A,28,30,0
Female,4'11",45,35,D,36,46,1
Female,5'0",68,27,A,44,52,1
Male,4'11",59,33,,28,36,0
Female,5'0",57,26,C,23,29,0
Male,5'5",64,41,,32,42,3
Female,5'1",61,36,DD,34,38,3
Male,5'6",60,35,,28,29,4
Male,5'7",80,32,,27,37,4
Male,5'8",79,47,,38,41,2
Male,6'5",79,30,,37,38,3
Female,6'6",87,29,B,27,28,3
Male,5'0",50,30,,37,42,3
Female,5'5",54,29,C,36,36,2
Male,5'11",97,49,,36,35,4
Female,6'4",90,42,DD,23,26,3
Female,5'2",64,41,D,38,36,2
Female,5'0",60,41,A,23,27,1
Male,5'1",47,30,,39,45,0
Male,6'5",101,48,,26,32,1
Female,5'0",55,42,C,38,47,3
Female,5'1",68,43,F,28,30,3
Male,6'3",79,51,,32,36,3
Female,5'9",74,31,E,27,30,0
Male,5'5",67,33,,32,39,2
Female,4'11",48,34,C,31,39,0
Male,6'6",84,51,,24,27,2
Female,5'11",73,47,AA,26,33,2
Male,6'2",103,38,,37,39,2
Female,5'11",81,45,DD,39,46,4
Male,5'5",70,39,,44,43,2
Female,5'0",47,33,E,33,43,0
Female,5'7",80,47,A,39,50,1
Male,5'2",63,43,,28,31,3
Male,5'7",76,48,,37,36,0
Female,5'1",75,28,DD,40,47,2
Male,5'7",68,43,,39,45,3
Female,6'6",73,31,E,30,31,0
Female,5'1",61,48,E,22,24,3
Female,6'1",101,32,B,27,27,3
Male,5'1",44,39,,29,35,2
Female,6'1",74,31,F,31,37,3
Female,5'5",74,40,C,28,38,3
Female,6'0",76,43,AA,28,35,3
Male,5'7",86,42,,35,39,0
Male,6'2",86,50,,33,33,3
Female,5'1",71,39,E,37,37,5
Male,5'9",69,32,,28,30,2
Female,5'0",61,32,A,26,31,3
Female,6'2",87,30,D,30,41,4
Male,6'2",107,30,,49,44,3
Male,5'5",72,46,,33,42,0
Female,6'4",87,45,B,35,39,1
Female,5'5",54,26,D,22,27,4
Female,5'10",84,40,E,25,32,3
Female,5'1",66,30,DD,38,50,2
Female,5'4",75,31,A,42,44,2
Male,4'11",65,33,,29,32,3
Female,6'1",83,33,B,38,38,0
Female,5'10",60,31,AA,23,24,2
Female,6'2",67,35,D,22,26,3
Female,5'11",97,37,E,38,44,0
Female,5'9",90,39,C,22,34,4
Male,6'1",97,40,,33,40,2
Female,5'8",90,29,F,26,41,2
Female,5'0",62,28,C,34,35,4
Male,4'10",61,33,,39,49,2
Female,5'7",56,43,B,33,36,3
Male,5'2",62,50,,26,35,0
Male,6'6",101,35,,30,33,4
Male,6'4",88,37,,48,49,3
Female,5'8",62,27,DD,25,33,1
Female,5'6",78,32,C,39,47,1
Female,5'0",59,30,A,28,31,4
Female,5'9",78,42,B,33,38,1
Female,5'0",51,43,F,28,38,1
Male,5'4",46,31,,29,37,2
Male,6'6",93,49,,34,31,1
Female,5'11",60,37,F,31,34,2
Male,4'10",48,42,,28,33,2
Female,5'11",81,31,DD,36,39,3
Male,5'1",70,49,,38,44,0
Female,6'2",87,42,AA,23,31,0
Female,5'5",50,28,D,23,29,3
Female,5'4",60,30,E,33,47,1
Female,6'2",99,33,E,23,25,1
Female,6'0",79,35,F,29,32,3
Male,5'1",50,36,,34,34,0
Female,5'11",89,31,E,32,47,2
Male,5'3",77,45,,36,43,4
Female,5'6",81,38,F,35,35,0
Female,6'6",92,30,A,38,42,2
Female,4'10",42,38,E,23,33,3
Male,5'11",72,32,,32,36,2
Female,5'10",79,33,A,22,23,3
Male,4'10",58,40,,48,46,0
Female,5'9",71,49,D,40,48,1
Female,6'0",65,34,C,41,39,2
Female,6'4",78,40,D,38,46,5
Female,6'5",78,34,AA,34,39,0
Male,4'10",57,33,,41,47,3
Female,5'0",67,30,C,41,47,3
Male,6'0",101,50,,37,40,3
Female,6'3",99,34,C,23,25,5
Female,5'10",94,37,B,36,43,3
Male,6'1",98,48,,42,41,2
Male,6'1",71,46,,34,34,4
Male,6'5",104,50,,26,33,2
Female,5'8",70,29,D,32,35,2
Male,6'4",78,43,,33,44,1
Female,5'0",54,44,B,40,48,3
Female,5'4",56,43,C,37,44,1
Male,5'1",72,34,,30,30,3
Male,6'2",100,37,,34,44,4
Male,6'0",89,32,,32,36,4
Female,5'1",44,42,C,22,31,4
Male,4'10",58,41,,45,46,1
Male,5'5",80,39,,30,31,0
Female,6'6",105,41,B,41,41,3
Female,5'0",49,39,B,33,34,1
Male,5'7",55,42,,45,50,2
Female,5'7",61,34,AA,31,38,1
Female,5'11",69,46,C,39,47,3
Female,6'4",72,37,F,32,42,3
Female,5'7",63,38,D,23,32,1
Female,6'2",69,33,AA,32,41,1
Female,5'0",66,43,B,27,39,2
Female,5'10",84,45,E,23,30,1
Male,5'8",55,36,,40,45,4
Female,5'6",60,41,D,36,50,3
Male,5'0",52,42,,35,42,4
Female,5'11",55,43,E,26,34,2
Male,5'3",61,32,,41,41,4
Female,4'10",49,34,AA,37,45,2
Female,6'3",94,46,DD,23,25,3
Male,6'1",77,48,,46,50,3
Female,6'1",83,35,AA,35,37,3
Male,6'5",81,31,,41,53,1
Male,5'5",81,31,,37,42,1
Male,5'4",65,44,,36,42,1
Female,5'11",67,48,DD,31,31,1
Male,6'0",75,38,,37,43,2
Male,6'4",76,32,,45,49,2
Female,5'6",77,30,A,32,38,3
Male,6'5",113,48,,31,38,2
Male,5'7",77,33,,30,38,5
Male,5'3",48,47,,41,45,3
Female,5'0",57,41,A,23,28,2
Female,5'9",76,32,DD,33,39,4
Female,5'7",74,48,F,22,25,2
Male,5'2",55,44,,43,50,3
Male,5'9",67,48,,33,41,4
Male,5'2",56,44,,32,34,2
Female,5'5",77,41,C,27,40,4
Female,6'5",73,35,B,38,39,3
Female,5'6",56,38,B,22,29,2
Male,4'10",53,39,,31,32,3
Female,5'5",78,40,A,36,41,1
Female,5'1",64,39,E,36,35,4
Female,5'6",59,34,E,32,39,4
Male,6'2",86,31,,26,26,4
Female,6'4",103,32,A,40,41,0
Female,4'10",60,50,A,22,20,3
Male,5'5",63,41,,33,41,2
Male,5'3",79,35,,44,40,3
Female,6'6",93,37,DD,27,31,2
Male,5'0",62,48,,39,38,1
Female,5'5",55,34,D,35,35,4
Male,6'0",68,31,,36,43,0
Male,5'3",57,49,,27,32,1
Male,5'8",87,30,,40,47,3
Male,5'9",86,54,,39,45,2
Female,6'5",88,37,F,39,40,1
Male,6'4",75,37,,51,47,5
Male,5'11",93,52,,46,47,2
Female,5'5",75,39,E,43,46,2
Female,5'11",94,30,AA,25,31,2
Female,5'5",67,45,DD,35,41,4
Female,5'0",52,41,F,31,36,2
Female,5'0",57,40,A,22,26,1
Female,5'3",64,39,DD,34,36,1
Male,5'5",47,36,,32,31,1
Female,5'11",84,34,B,42,40,0
Female,5'5",68,44,A,23,25,3
Female,5'0",51,27,AA,28,34,1
Male,5'4",52,35,,31,27,5
Male,5'10",87,41,,44,44,2
Male,6'0",98,30,,34,44,2
Male,5'5",79,40,,40,44,4
Male,5'11",93,33,,30,36,3
Female,6'1",104,34,B,27,25,2
Male,5'3",77,46,,41,41,2
Female,5'1",46,34,E,27,30,2
Male,5'5",72,34,,34,46,2
Female,6'2",84,44,B,39,43,4
Female,4'11",44,34,D,36,48,1
Female,6'0",76,39,E,39,48,2
Female,4'10",54,35,D,39,42,1
Female,5'2",69,41,B,41,52,2
Male,5'2",66,41,,25,29,2
Male,5'0",60,49,,39,41,3
Female,6'4",81,43,AA,26,32,2
Female,5'4",56,30,E,36,46,2
Female,5'9",74,44,E,35,44,4
Male,4'11",50,32,,29,37,4
Male,5'6",58,30,,38,45,1
Male,5'0",46,45,,34,41,0
Male,6'0",69,44,,35,39,0
Male,6'6",95,37,,44,52,2
Female,5'7",52,34,AA,28,41,2
Female,6'5",103,41,D,24,28,2
Female,6'5",77,34,AA,34,37,0
Male,6'0",67,46,,41,37,1
Male,5'9",58,33,,32,33,0
Male,6'0",93,40,,37,50,1
Female,6'0",90,30,DD,30,36,3
Male,5'7",68,34,,38,45,3
Female,5'2",71,42,B,39,49,1
Male,6'2",104,49,,38,42,5
Female,5'11",69,31,E,32,44,2
Female,5'10",98,37,D,32,38,4
Female,6'4",75,37,DD,37,51,2
Female,6'0",63,48,AA,30,34,0
Male,6'6",98,39,,47,47,4
Female,6'5",79,39,B,38,45,1
Male,6'5",112,50,,31,40,3
Male,5'6",57,39,,45,45,4
Male,5'6",72,50,,48,49,0
Female,6'1",83,34,AA,26,38,0
Male,6'5",81,39,,43,45,2
Female,5'6",69,35,B,24,33,3
Female,6'6",73,38,AA,26,36,1
Female,5'9",77,34,AA,41,50,4
Male,5'2",73,48,,25,34,1
Male,5'3",48,46,,41,48,4
Male,6'5",112,34,,45,47,2
Female,6'5",85,44,DD,26,28,1
Female,5'1",46,34,F,37,47,0
Female,4'10",47,40,E,21,36,2
Female,5'3",52,41,C,28,33,0
Male,5'1",47,38,,34,35,1
Male,4'11",45,38,,31,40,3
Male,5'7",77,41,,38,48,3
Male,6'2",95,41,,40,47,0
Male,6'2",97,50,,41,49,3
Male,5'11",65,39,,38,44,3
Male,5'2",63,50,,36,43,2
Female,5'11",65,43,C,27,35,2
Female,6'2",80,35,D,40,52,1
Male,4'10",58,41,,28,29,4
Male,5'7",64,50,,44,45,3
Male,5'2",68,49,,34,35,3
Male,5'2",49,45,,36,43,4
Male,5'4",59,45,,37,48,1
Male,5'5",61,30,,45,51,2
Female,6'0",93,30,DD,31,36,3
Female,6'0",65,39,AA,30,33,1
Male,5'1",53,35,,35,36,1
Male,4'11",67,31,,37,40,2
Male,6'4",70,38,,29,42,2
Female,5'8",86,47,A,38,46,3
Female,5'4",60,33,DD,22,28,2
Male,5'0",49,31,,34,37,2
Female,5'9",82,32,DD,32,37,3
Female,6'2",77,30,D,34,44,4
Male,5'3",62,47,,32,37,1
Male,6'0",70,44,,33,34,5
Female,5'9",83,32,DD,31,37,4
Male,5'1",46,31,,32,37,2
Female,5'3",48,40,E,32,39,3
Female,6'5",111,47,C,34,41,3
Female,5'1",67,37,E,35,38,4
Male,5'7",80,49,,37,38,0
Female,5'8",65,37,E,26,32,1
Male,4'10",48,34,,38,40,5
Female,5'10",79,47,E,24,32,3
Female,6'6",68,29,E,28,31,1
Female,5'10",93,33,A,41,51,3
Female,6'0",92,31,DD,34,38,2
Female,5'9",87,40,E,35,36,4
Female,6'1",71,40,A,40,40,1
Male,6'2",84,33,,26,29,4
Male,6'6",76,32,,42,51,3
Male,6'4",82,30,,28,29,2
Male,5'11",86,32,,44,44,1
Female,5'9",67,49,D,26,39,2
Female,5'6",65,31,E,40,38,3
Female,6'2",95,35,E,22,28,1
Male,5'7",70,51,,37,37,4
Male,6'4",72,53,,41,44,3
Male,6'1",79,32,,32,32,1
Female,5'4",50,32,AA,36,43,4
Male,6'4",101,29,,29,32,3
Female,6'2",97,31,E,38,45,2
Male,4'11",61,40,,29,33,2
Female,5'9",61,37,C,26,28,2
Female,6'2",93,37,E,39,40,5
Male,5'4",71,37,,36,46,0
Male,5'11",87,46,,32,42,1
Male,5'4",64,37,,46,46,4
Male,5'2",54,44,,32,27,2
Male,5'1",66,50,,28,38,1
Female,6'6",117,29,E,25,25,3
Male,5'11",96,34,,31,33,4
Male,5'2",73,39,,48,50,1
Female,5'9",70,47,DD,20,26,1
Female,6'4",81,42,D,41,46,4
Male,6'5",88,52,,26,35,1
Female,5'2",49,37,A,31,40,4
Female,5'8",62,28,DD,27,31,0
Female,5'11",60,43,C,30,34,3
Female,5'4",79,29,A,40,46,3
Female,5'10",71,43,B,29,36,3
Male,5'4",71,30,,47,48,1
Female,5'11",89,32,E,37,38,3
Female,6'1",100,35,D,31,41,3
Female,6'5",111,43,AA,41,49,2
Female,5'10",68,31,D,35,40,1
Female,6'2",101,46,B,41,49,0
Male,5'1",69,50,,34,37,4
Female,6'6",89,34,B,30,37,1
Male,6'2",80,46,,40,46,3
Female,5'8",65,28,D,33,32,3
Male,5'3",58,29,,34,44,2
Female,4'11",53,33,A,29,31,0
Female,5'9",74,45,B,30,34,0
Female,5'5",56,34,D,32,34,4
Female,5'8",59,42,F,43,45,3
Female,5'6",68,45,AA,36,44,1
Female,5'11",78,48,DD,26,30,3
Female,5'9",85,29,B,38,45,0
Female,5'2",51,42,AA,31,35,4
Female,6'5",73,32,AA,37,38,2
Male,5'1",64,51,,28,38,3
Male,5'0",66,35,,35,35,4
Female,5'1",65,35,DD,34,36,3
Female,5'5",69,29,E,30,42,0
Female,5'5",55,39,F,32,37,1
Female,5'5",64,38,C,40,41,1
Female,5'11",90,32,DD,32,38,4
Male,5'11",90,44,,34,41,1
Female,5'11",82,44,DD,36,44,3
Female,5'10",80,44,E,26,37,2
Female,5'10",87,40,DD,31,31,4
Male,6'1",67,43,,30,37,1
Female,4'11",61,38,C,33,41,0
Female,6'0",71,41,F,23,27,1
Female,5'1",56,44,B,27,37,3
Male,5'7",68,31,,45,49,1
Female,4'11",50,32,D,31,39,1
Female,6'1",103,37,D,32,38,3
Female,6'0",89,31,DD,34,38,3
Female,5'7",80,29,A,34,43,3
Female,5'3",71,31,F,31,31,1
Female,6'1",71,35,AA,39,42,4
Female,5'6",78,33,C,44,53,2
Male,5'9",81,35,,30,39,2
Male,6'6",88,49,,41,48,0
Female,5'5",56,31,D,34,36,3
Female,5'5",64,35,DD,37,44,3
Female,5'8",59,43,C,26,33,0
Male,5'3",77,44,,38,42,1
Female,5'0",52,47,F,25,33,3
Male,5'9",72,47,,32,41,3
Female,5'7",64,32,AA,33,36,3
Male,5'9",57,44,,38,40,3
Male,5'5",84,32,,40,45,0
Male,6'2",101,36,,40,43,4
Male,5'7",88,42,,33,42,1
Male,5'1",50,34,,38,47,4
Male,5'7",61,46,,26,27,1
Male,5'3",53,31,,35,43,1
Female,5'11",75,47,AA,25,36,0
Female,6'2",62,37,D,21,25,4
Male,5'11",74,46,,34,39,2
Female,5'10",95,43,C,41,41,3
Male,5'5",76,32,,36,40,2
Female,5'0",43,41,DD,36,35,5
Male,5'7",70,53,,35,35,4
Female,6'2",82,37,B,27,32,3
Male,6'2",101,38,,34,38,0
Male,5'6",62,32,,28,30,3
Male,5'11",84,39,,30,31,1
Female,5'8",73,49,F,24,28,3
Female,6'3",78,37,DD,27,34,1
Male,5'10",90,39,,45,42,2
Male,5'7",81,40,,38,39,2
Male,5'3",55,31,,26,34,3
Male,6'2",104,36,,42,44,3
Male,5'1",57,34,,26,34,5
Male,5'2",58,43,,25,29,4
Female,4'11",43,43,AA,20,28,3
Male,5'10",90,33,,46,48,2
Male,6'6",88,45,,42,44,3
Male,5'11",72,42,,49,51,3
Female,6'6",101,34,B,26,36,2
Female,5'4",52,33,F,24,32,2
Female,5'2",54,40,F,25,28,2
Female,5'10",71,29,B,26,26,3
Female,5'6",65,34,A,32,34,3
Male,5'6",65,44,,50,47,3
Male,6'6",114,49,,32,27,0
Female,6'2",72,37,A,34,34,4
Female,5'11",87,30,E,34,44,1
Male,5'5",74,46,,35,42,0
Male,5'7",55,43,,42,41,1
Male,4'10",52,41,,31,36,3
Female,6'6",118,28,E,22,23,3
Female,5'9",80,28,C,36,45,4
Female,6'6",78,45,C,21,27,2
Female,5'4",73,45,D,36,40,2
Female,5'0",42,35,C,35,45,2
Male,6'0",72,44,,31,40,3
Female,5'1",73,39,E,29,35,2
Male,6'1",82,33,,42,50,1
Male,5'3",77,34,,40,41,2
Female,6'3",112,40,F,40,43,3
Male,4'11",44,34,,38,47,4
Female,5'11",85,47,DD,36,44,4
Male,6'5",72,41,,46,49,2
Female,6'4",104,34,A,40,40,0
Male,6'4",71,34,,42,49,2
Male,6'4",78,46,,28,38,1
Male,5'8",63,36,,40,48,0
Female,5'8",58,39,AA,25,25,2
Female,6'6",99,33,D,29,35,0
Female,6'1",98,32,B,37,43,3
Female,5'3",73,36,DD,37,38,3
Male,5'5",61,36,,45,48,3
Male,6'5",80,41,,46,49,2
Male,5'3",58,31,,35,42,2
Male,4'11",54,40,,32,34,4
Male,6'3",76,43,,41,48,2
Male,6'6",110,31,,48,48,5
Male,4'11",46,43,,27,30,1
Male,5'6",85,41,,37,41,3
Female,5'8",56,38,F,26,34,3
Female,5'10",94,36,B,34,45,2
Male,6'4",102,31,,28,31,1
Female,5'6",76,31,D,29,40,5
Male,6'3",81,51,,43,42,0
Male,5'4",63,38,,41,50,3
Male,5'4",81,50,,31,41,2
Female,5'3",61,32,E,33,44,0
Male,6'5",85,31,,44,44,1
Female,6'3",99,44,E,36,45,1
Female,5'7",58,41,B,37,39,4
Female,5'8",63,31,DD,39,42,1
Male,5'0",56,35,,44,46,0
Female,6'4",100,34,A,37,43,0
Male,5'6",73,49,,28,28,2
Female,5'0",45,28,F,25,27,2
Female,5'1",59,32,AA,26,35,3
Male,5'8",73,34,,38,47,3
Female,5'7",52,32,AA,28,35,1
Female,4'11",58,33,E,25,33,1
Female,5'8",69,35,E,27,29,0
Female,5'2",48,30,D,23,29,2
Male,5'3",72,32,,34,41,2
Female,6'6",89,28,A,41,41,2
Female,5'0",52,35,C,23,25,4
Female,5'0",44,37,DD,22,30,1
Female,6'0",67,38,A,36,45,2
Male,5'10",90,31,,40,45,4
Male,6'2",84,31,,42,46,3
Female,5'7",75,28,A,29,39,2
Male,5'8",88,41,,34,39,3
Female,5'6",61,38,DD,37,41,0
Female,5'1",51,32,F,36,47,1
Male,4'10",59,35,,37,47,0
Female,6'5",70,44,AA,29,45,2
Male,5'1",47,40,,27,32,3
Male,6'0",70,39,,40,45,3
Female,6'4",69,37,D,28,28,3
Male,6'1",81,33,,31,34,1
Female,6'1",62,43,D,36,45,0
Male,6'1",93,49,,41,42,3
Female,5'4",65,35,DD,40,50,0
Female,5'10",83,35,DD,22,22,3
Male,5'4",54,37,,35,37,2
Male,6'3",70,38,,29,38,4
Female,6'6",104,42,A,33,39,3
Female,6'4",66,30,E,30,32,0
Female,4'11",56,35,A,27,28,1
Male,5'4",63,51,,35,35,2
Female,6'4",87,43,D,33,41,3
Female,6'1",85,34,AA,37,35,3
Male,6'2",99,42,,37,49,0
Male,6'6",89,47,,25,31,5
Female,5'3",56,33,E,36,46,1
Female,6'0",76,32,F,31,30,2
Male,6'6",83,37,,32,40,2
Male,6'0",82,32,,31,30,3
Male,5'3",60,33,,38,47,0
Female,5'6",74,45,AA,38,45,0
Female,5'4",51,34,E,36,34,3
Male,6'5",105,40,,32,42,3
Male,6'2",105,48,,35,40,4
